,lat,lng
0,33.2442813,-86.8163773
1,34.1748208,-86.8436124
2,33.6198251,-86.60887559999999
3,33.5185892,-86.8103567
4,33.2098407,-87.56917349999999
5,38.3914418,-86.9311094
6,33.7748275,-84.2963123
7,43.7695604,11.2558136
8,43.0730517,-89.4012302
9,34.7303688,-86.5861037
10,34.014264,-86.0066386
11,34.3581473,-86.29470409999999
12,32.3792233,-86.3077368
13,33.6598257,-85.8316318
14,31.2232313,-85.3904888
15,30.671469,-87.90188289999999
16,30.5229719,-87.9033261
17,30.2460361,-87.70081929999999
18,30.2697033,-87.5867598
19,37.04754399999999,-95.63841099999999
20,32.6454116,-85.3782795
21,32.4709761,-85.0007653
22,61.2180556,-149.9002778
23,60.48999999999999,-149.8341667
24,45.9171763,-89.2442988
25,62.3019444,-145.3019445
26,60.95432469999999,-149.1598983
27,59.64250000000001,-151.5483333
28,60.55444439999999,-151.2583333
29,57.79000000000001,-152.4072221
30,37.09024,-95.712891
31,61.5813889,-149.4394444
32,60.10416669999999,-149.4422222
33,60.4877778,-151.0583332
34,62.32090460000001,-150.1066221
35,64.8377778,-147.7163888
36,36.7233945,-97.07961429999999
37,41.9247285,-87.72796129999999
38,64.5638889,-149.0930556
39,58.3019444,-134.4197221
40,59.2358333,-135.445
41,58.11,-135.4436111
42,57.0530556,-135.33
43,59.45540250000001,-135.315279
44,55.34222219999999,-131.6461112
45,33.4483771,-112.0740373
46,33.2486638,-111.6342993
47,33.4151843,-111.8314724
48,33.3061605,-111.8412502
49,33.3528264,-111.789027
50,33.4941704,-111.9260519
51,33.4941704,-111.9260519
52,33.6042079,-111.7256936
53,33.4255104,-111.9400054
54,34.1425078,-118.255075
55,33.4355977,-112.3496021
56,33.8333716,-111.9507042
57,37.0700354,-94.4767007
58,33.4933743,-112.3579364
59,40.6936488,-89.5889864
60,32.6926512,-114.6276916
61,31.4481547,-109.9284084
62,42.0354084,-88.2825668
63,29.7569509,-95.37097329999999
64,31.6795337,-110.6553594
65,31.7128683,-110.0675764
66,32.2226066,-110.9747108
67,34.2542084,-110.0298327
68,37.09024,-95.712891
69,35.1982836,-111.651302
70,36.9902621,-112.9757702
71,37.09024,-95.712891
72,34.5400242,-112.4685025
73,34.6100243,-112.315721
74,34.5636358,-111.8543178
75,34.7575227,-112.4537809
76,29.8182805,-95.41010360000001
77,34.8697395,-111.7609896
78,34.5039684,-112.6848712
79,35.189443,-114.0530065
80,34.483901,-114.3224548
81,34.5216915,-93.0423545
82,34.5037004,-93.0551795
83,41.3304642,-72.9726305
84,34.384816,-93.38185209999999
85,34.769536,-92.2670941
86,34.7464809,-92.28959479999999
87,36.0584021,-90.4973286
88,40.9700171,-73.7176337
89,43.1329504,-115.6911975
90,36.2095132,-92.284323
91,35.0526641,-78.87835849999999
92,35.0526641,-78.87835849999999
93,36.3728538,-94.2088172
94,37.09024,-95.712891
95,36.1881365,-94.54049619999999
96,36.18674420000001,-94.1288141
97,48.856614,2.3522219
98,35.3859242,-94.39854749999999
99,34.0522342,-118.2436849
100,34.0211224,-118.3964665
101,33.9191799,-118.4164652
102,33.8883487,-118.3089624
103,33.9164032,-118.3525748
104,33.8622366,-118.3995194
105,33.8491816,-118.3884078
106,45.4408474,12.3155151
107,33.9616801,-118.3531311
108,34.0194543,-118.4911912
109,33.8358492,-118.3406288
110,34.0165053,-118.1137535
111,34.0703752,-84.276493
112,33.8536269,-118.1339563
113,33.7922392,-118.3150722
114,33.7360619,-118.2922461
115,33.8044614,-118.1678456
116,33.7700504,-118.1937395
117,34.1397292,-118.0353449
118,34.1442616,-118.0019482
119,34.1616729,-118.0528456
120,34.1477849,-118.1445155
121,34.1425078,-118.255075
122,34.1533395,-118.7616764
123,34.165357,-118.6089752
124,34.208254,-118.6058609
125,34.2506356,-118.61481
126,34.373361,-118.5400404
127,34.2819461,-118.4389719
128,34.3916641,-118.542586
129,34.456151,-118.5713823
130,34.1466467,-118.8073729
131,34.1705609,-118.8375937
132,34.1898566,-118.451357
133,34.1808392,-118.3089661
134,34.1336186,-117.9075627
135,34.1069527,-117.9353413
136,34.0122346,-117.688944
137,34.0966764,-117.7197785
138,40.7423507,-73.9833905
139,34.10639889999999,-117.5931084
140,34.0519548,-118.0467339
141,34.1008426,-117.7678355
142,51.253775,-85.323214
143,40.8259007,-74.2090053
144,34.055103,-117.7499909
145,34.1066756,-117.8067257
146,34.09611110000001,-118.1058333
147,40.7417865,-73.98477
148,34.0686208,-117.9389526
149,32.6400541,-117.0841955
150,32.5839444,-117.1130849
151,32.7169988,-116.8761347
152,32.7678287,-117.0230839
153,32.7425516,-117.0314172
154,32.6781085,-117.0991967
155,33.1580933,-117.3505939
156,32.9594891,-117.2653146
157,32.7947731,-116.9625269
158,33.1192068,-117.086421
159,33.0786552,-116.6019637
160,32.8328112,-117.2712717
161,33.1958696,-117.3794834
162,32.9628232,-117.0358646
163,33.04136039999999,-116.8792553
164,29.8832749,-97.9413941
165,32.8383828,-116.9739167
166,32.991155,-117.2711481
167,33.2000368,-117.2425355
168,33.2183701,-117.0341967
169,32.715738,-117.1610838
170,32.6858853,-117.1830891
171,33.7222445,-116.3744556
172,32.6789476,-115.4988834
173,32.8111612,-115.3802643
174,45.52102989999999,-122.6785457
175,33.739744,-116.41279
176,33.8200183,-116.3902887
177,34.5008311,-117.1858759
178,34.2438963,-116.9114215
179,34.0739016,-117.3136547
180,34.4263886,-117.3008784
181,34.0555693,-117.1825381
182,34.033625,-117.0430865
183,34.1083449,-117.2897652
184,33.9806005,-117.3754942
185,33.6680772,-117.3272615
186,33.7467471,-116.7152556
187,33.5539143,-117.2139232
188,33.6971468,-117.185294
189,33.4936391,-117.1483648
190,33.5989126,-117.2800372
191,33.6845673,-117.8265049
192,33.6412156,-117.9188221
193,33.6594835,-117.9988026
194,33.5427189,-117.7853568
195,33.5916433,-117.6986604
196,33.5684605,-117.7262981
197,33.4273521,-117.6126004
198,33.5019027,-117.6627655
199,33.640171,-117.602832
200,33.7454725,-117.867653
201,33.7420005,-117.8236391
202,33.8365932,-117.9143012
203,33.916475,-117.9002918
204,33.8703645,-117.9242123
205,33.9311257,-117.548661
206,37.06416979999999,-94.47909639999999
207,33.8710729,-117.8627548
208,33.8752935,-117.5664384
209,33.88850350000001,-117.8132571
210,34.2804923,-119.2945199
211,34.2163937,-119.0376023
212,34.39888380000001,-119.5184564
213,34.285558,-118.8820414
214,34.4480495,-119.242889
215,34.1975048,-119.1770516
216,34.4208305,-119.6981901
217,34.4358294,-119.8276389
218,50.718412,-3.533899
219,35.75467320000001,-118.4253627
220,36.3007835,-119.7829107
221,36.1516814,-95.9919048
222,37.09024,-95.712891
223,36.2077288,-119.3473379
224,36.3302284,-119.2920585
225,35.3732921,-119.0187125
226,35.2827524,-120.6596156
227,35.1185868,-120.5907252
228,35.4894169,-120.6707255
229,34.613597,-120.1926505
230,35.5641381,-121.0807468
231,35.1216424,-120.6212821
232,34.6391501,-120.4579409
233,35.3659445,-120.8499924
234,35.6368759,-120.6545022
235,35.1427533,-120.6412827
236,35.3899526,-120.6092971
237,34.8652574,-120.4359966
238,34.9530337,-120.4357191
239,34.5958201,-120.1376481
240,37.09024,-95.712891
241,41.1792258,-73.1894384
242,35.6468991,-117.8125674
243,37.7797825,-119.0754232
244,40.0378755,-76.3055144
245,40.0378755,-76.3055144
246,37.648546,-118.972079
247,34.5794343,-118.1164613
248,35.1321877,-118.4489739
249,34.4047987,-103.2052272
250,37.0582786,-120.8499151
251,36.9613356,-120.0607176
252,37.3279997,-119.6493154
253,36.708006,-119.5559652
254,36.7377981,-119.7871247
255,36.6777372,-121.6555013
256,36.5552386,-121.9232879
257,36.5552386,-121.9232879
258,36.4200307,-95.6673009
259,36.6002378,-121.8946761
260,36.1328981,-86.7940699
261,37.5778696,-122.34809
262,37.4635519,-122.4285862
263,37.3860517,-122.0838511
264,37.6138253,-122.4869194
265,37.2551636,-122.3830152
266,37.48521520000001,-122.2363548
267,37.5071591,-122.2605222
268,37.654656,-122.4077498
269,37.36883,-122.0363496
270,37.7749295,-122.4194155
271,37.7652065,-122.2416355
272,38.1749178,-122.2608044
273,38.049365,-122.1585777
274,38.5787965,-122.5797054
275,38.0193657,-122.1341321
276,37.9779776,-122.0310733
277,37.8215929,-121.9999606
278,37.9161326,-122.310765
279,41.1408363,-73.2612615
280,37.5482697,-121.9885719
281,37.6688205,-122.0807964
282,37.6818745,-121.7680088
283,36.7567292,-95.9373265
284,38.0279762,-121.8846806
285,37.6624312,-121.8746789
286,53.3498053,-6.2603097
287,-15.9650104,-5.7089241
288,-15.9650104,-5.7089241
289,37.7249296,-122.1560768
290,37.7799273,-121.9780153
291,38.2382474,-122.040244
292,38.1040864,-122.2566367
293,37.9100783,-122.0651819
294,37.8043637,-122.2711137
295,37.8715926,-122.272747
296,42.6525793,-73.7562317
297,37.5407246,-77.4360481
298,37.9735346,-122.5310874
299,38.3396367,-122.7010984
300,38.84622359999999,-77.30637329999999
301,38.3293416,-122.7096666
302,37.9340915,-122.5352539
303,37.9060368,-122.5449763
304,38.1074198,-122.5697032
305,38.232417,-122.6366524
306,36.1476347,-95.95207409999999
307,36.9752283,-121.953293
308,37.0057816,-121.5682751
309,36.06309600000001,-95.881996
310,37.2358078,-121.9623751
311,37.1305012,-121.6543901
312,37.3541079,-121.9552356
313,36.9741171,-122.0307963
314,37.0510595,-122.0146841
315,36.9880057,-121.9566267
316,36.910231,-121.7568946
317,37.3382082,-121.8863286
318,37.9577016,-121.2907796
319,38.4328317,-90.3776187
320,38.1341477,-121.2722194
321,36.4772614,-97.2825457
322,37.2116383,-76.7752102
323,37.4849377,-119.9662843
324,37.63909719999999,-120.9968782
325,44.9630216,-92.9649361
326,37.7396513,-121.4252227
327,37.4946568,-120.8465941
328,38.440429,-122.7140548
329,39.0089749,-123.3671551
330,38.8054624,-123.0172227
331,35.1414552,-79.0079949
332,38.5018575,-122.9961102
333,38.6104658,-122.8691609
334,38.9779531,-122.8394375
335,36.2894055,-95.1201952
336,39.0429506,-122.9158293
337,39.3221089,-123.113059
338,38.4021359,-122.8238806
339,38.291859,-122.4580356
340,39.1501709,-123.2077831
341,36.063095,-95.8830881
342,37.8239167,-96.2891703
343,40.94651520000001,-124.1006205
344,40.8665166,-124.0828396
345,40.8829072,-123.9839488
346,41.7557501,-124.2025913
347,40.5981867,-124.1572756
348,40.6411002,-124.2263437
349,43.6092338,-79.6997166
350,32.6098566,-85.48078249999999
351,37.07008709999999,-94.5094618
352,38.5449065,-121.7405167
353,38.6946259,-120.8149355
354,38.4454641,-121.8232958
355,38.4087993,-121.3716178
356,38.6446264,-121.2721718
357,38.6779591,-121.1760583
358,38.2546373,-121.2999485
359,39.25287,-94.627775
360,35.949526,-94.4235482
361,37.692323,-97.325646
362,54.978252,-1.61778
363,38.6785145,-121.2257818
364,38.7296252,-120.798546
365,41.9584457,-70.6672621
366,38.5890723,-121.302728
367,38.7907339,-121.2357828
368,38.7521235,-121.2880059
369,38.5804609,-121.530234
370,38.5249065,-121.9708017
371,37.050347,-95.65314839999999
372,43.0265022,-87.9123333
373,38.6857367,-121.082167
374,38.5815719,-121.4943996
375,38.5815719,-121.4943996
376,36.1329967,-95.9628389
377,39.2190608,-121.0610606
378,39.2615606,-121.0160594
379,39.5137752,-121.556359
380,40.3439888,-74.6514481
381,42.2528772,-71.0022705
382,39.1404477,-121.6169108
383,40.5865396,-122.3916754
384,41.2082089,-122.2719529
385,37.751005,14.9934349
386,41.2557119,-122.1394487
387,40.1784886,-122.2358302
388,41.42264979999999,-122.3861269
389,39.7810095,-120.6166077
390,40.4162842,-120.6530063
391,40.2614512,-121.1824925
392,38.939926,-119.9771868
393,39.327962,-120.1832533
394,39.8027644,-105.0874842
395,35.4858766,-97.5391684
396,37.09024,-95.712891
397,39.9205411,-105.0866504
398,33.7591757,-117.9897058
399,30.2240897,-92.0198427
400,38.2526647,-85.7584557
401,39.766098,-105.0772063
402,39.3722121,-104.8560902
403,39.3722121,-104.8560902
404,37.09024,-95.712891
405,44.7971939,-106.9561791
406,41.775305,-87.6416419
407,39.6172101,-104.9508141
408,39.613321,-105.0166498
409,39.536482,-104.8970678
410,39.5480789,-104.9739333
411,37.0364102,-95.6384683
412,36.1727784,-94.1156795
413,39.7392358,-104.990251
414,33.8536269,-118.1339563
415,47.61256299999999,-122.352422
416,39.8680412,-104.9719243
417,39.8961821,-104.9811468
418,40.0149856,-105.2705456
419,48.1988564,-122.126088
420,39.755543,-105.2210997
421,36.9153592,-95.8044244
422,39.4816537,-106.0383518
423,39.8019322,-105.5141639
424,39.6302643,-106.0433518
425,39.6333213,-105.3172146
426,33.1506744,-96.82361159999999
427,38.9076089,-77.07225849999999
428,40.086097,-105.9394597
429,39.7424881,-105.5136081
430,40.0588744,-106.3889199
431,39.2508229,-106.2925238
432,39.9613759,-105.5108312
433,40.4849769,-106.8317158
434,39.8916537,-105.7630624
435,39.6296191,-106.0712941
436,40.1672068,-105.1019275
437,40.103874,-105.1708193
438,40.3083174,-105.0810924
439,42.12922409999999,-80.085059
440,40.3772059,-105.5216651
441,40.5852602,-105.084423
442,39.41426879999999,-77.4105409
443,40.32674069999999,-78.9219698
444,40.3977612,-105.0749801
445,40.2247075,-105.271378
446,40.5291491,-104.9852533
447,-41.2864603,174.776236
448,40.5241479,-104.8510819
449,36.063095,-95.8830881
450,40.598019,-111.583187
451,40.0847055,-104.8130275
452,40.4233142,-104.7091322
453,37.09024,-95.712891
454,32.6926512,-114.6276916
455,38.9422556,-105.1576396
456,38.789217,-90.322614
457,38.8597127,-104.9171989
458,39.0284685,-104.4841284
459,38.9938808,-105.0569301
460,38.8338816,-104.8213634
461,32.7957445,-117.2535261
462,37.9850091,-103.5438321
463,10.691803,-61.222503
464,37.6241793,-104.7802645
465,37.4694491,-105.8700214
466,46.8107671,-90.81824
467,37.9963881,-105.6997332
468,32.4454675,-97.52972419999999
469,37.26945,-107.0097617
470,38.5347193,-105.9989022
471,37.8065045,-122.4207783
472,38.8697146,-106.9878231
473,43.7695604,11.2558136
474,38.5458246,-106.9253207
475,30.1896756,-82.6392899
476,38.5127752,-106.0772384
477,37.27528,-107.8800667
478,37.3488827,-108.5859265
479,37.4738818,-108.5045356
480,37.344996,-108.2892487
481,38.4783198,-107.8761738
482,38.0227716,-107.6714487
483,38.8683204,-107.5920017
484,38.1525873,-107.7556162
485,37.811941,-107.6645057
486,37.9374939,-107.8122852
487,39.0638705,-108.5506486
488,39.1588696,-108.7289882
489,39.1102587,-108.3509193
490,39.5505376,-107.3247762
491,37.0433597,-95.65133569999999
492,39.36887309999999,-107.0328241
493,37.7272727,-89.2167501
494,37.09024,-95.712891
495,37.09024,-95.712891
496,39.6402638,-106.3741955
497,40.8067546,-74.1854209
498,36.515694,-82.25696669999999
499,42.0241794,-73.3240842
500,41.9914071,-73.0956765
501,41.91728260000001,-72.458236
502,40.086097,-105.9394597
503,53.4807593,-2.2426305
504,53.4807593,-2.2426305
505,44.3726476,-72.87876250000001
506,41.6612104,-72.7795419
507,43.073403,-75.2876661
508,41.6757457,-72.86336349999999
509,41.6572525,-72.66557569999999
510,41.8489872,-72.57175509999999
511,41.9915062,-72.7017741
512,42.0027181,-72.5441445
513,40.2677539,-74.5402506
514,36.097897,-95.8526426
515,41.7634219,-72.6128339
516,41.7063537,-72.6596244
517,41.7620842,-72.7420151
518,41.7106543,-72.2081338
519,41.8025986,-71.8859054
520,36.762856,-95.929428
521,41.3556539,-72.0995209
522,42.6112018,-71.5745152
523,41.3542656,-71.96646199999999
524,37.79557,-122.393321
525,52.6308859,1.297355
526,41.3358915,-71.9058854
527,41.3773218,-71.8336802
528,41.2799027,-72.81411849999999
529,53.193392,-2.893075
530,37.5455735,-97.2689331
531,42.51954,-70.8967155
532,41.4771433,-72.5122763
533,41.4619986,-81.0737079
534,41.5623209,-72.6506488
535,41.2306979,-73.064036
536,41.5669981,-72.89905949999999
537,37.09024,-95.712891
538,41.4141172,-73.3035651
539,41.2960159,-72.38453009999999
540,37.2741908,-97.1689296
541,41.5964869,-72.8776013
542,41.4570108,-72.8230736
543,41.308274,-72.9278835
544,41.2841687,-72.8684565
545,41.3838782,-72.9026064
546,40.5575986,-74.2846022
547,41.1792258,-73.1894384
548,41.18454149999999,-73.1331651
549,41.5581525,-73.0514965
550,41.6023196,-72.9867718
551,41.1536674,-81.3578859
552,41.5770433,-73.4085463
553,43.467517,-79.6876659
554,41.3645382,-74.1059775
555,40.6098473,-122.3584268
556,41.394817,-73.4540111
557,41.11774399999999,-73.4081575
558,41.28406349999999,-73.4975412
559,39.0587452,-94.5985613
560,40.5865396,-122.3916754
561,41.0534302,-73.5387341
562,37.4172908,-95.67761039999999
563,40.735657,-74.1723667
564,41.5623209,-72.6506488
565,39.8101338,-75.6735556
566,34.2103894,-77.8868117
567,51.1278758,1.3134027
568,27.7635746,-97.4076327
569,38.7745565,-75.13934979999999
570,41.2306979,-73.064036
571,42.2495321,-71.0661653
572,38.7209454,-75.07601369999999
573,38.6928899,-75.0746249
574,33.8839926,-84.51437609999999
575,30.6696818,-81.46259189999999
576,30.1896756,-82.6392899
577,30.2821807,-82.12205689999999
578,30.1660736,-81.706484
579,29.9012437,-81.31243409999999
580,30.6319034,-81.6064866
581,29.2108147,-81.0228331
582,29.1383165,-80.9956105
583,29.5844524,-81.20786989999999
584,29.0258191,-80.9269984
585,29.2858129,-81.0558894
586,30.3321838,-81.65565099999999
587,34.6990505,-76.7402108
588,30.2841224,-81.3961338
589,30.4382559,-84.28073289999999
590,29.7257675,-84.9832435
591,30.1588129,-85.6602058
592,30.3960324,-86.2288322
593,30.42130899999999,-87.2169149
594,30.3935337,-86.4957833
595,30.42007079999999,-86.6170308
596,42.6953909,-1.6760691
597,42.2495321,-71.0661653
598,30.5168639,-86.48217199999999
599,29.6516344,-82.32482619999999
600,28.677775,-81.3278455
601,28.6988853,-81.30812259999999
602,28.8713443,-81.32893969999999
603,29.028318,-81.3031179
604,28.8527675,-81.6853534
605,37.29717979999999,-78.3961973
606,28.8024918,-81.644519
607,28.669997,-81.20812029999999
608,28.8028612,-81.269453
609,28.6122187,-80.8075537
610,39.8916537,-105.7630624
611,28.5383355,-81.3792365
612,28.3695351,-81.5261474
613,-37.8136276,144.9630576
614,28.0716832,-80.65338779999999
615,28.4740089,-80.5771737
616,28.3861159,-80.7419984
617,28.3200067,-80.6075513
618,28.1489021,-80.5883855
619,28.3180688,-80.6659842
620,27.816415,-80.4706078
621,27.6386434,-80.39727359999999
622,26.052311,-80.1439343
623,34.0928092,-118.3286614
624,37.09024,-95.712891
625,24.9242943,-80.62783639999999
626,24.5550593,-81.7799871
627,25.9023168,-80.25032709999999
628,26.2378597,-80.1247667
629,26.271192,-80.2706044
630,25.7616798,-80.1917902
631,25.790654,-80.1300455
632,25.8195424,-80.3553302
633,26.1224386,-80.13731740000001
634,26.0764783,-80.25211569999999
635,26.1723065,-80.1319893
636,26.7153424,-80.0533746
637,26.8171165,-80.0590804
638,26.7083984,-80.2306019
639,26.5317866,-80.0905465
640,26.3683064,-80.1289321
641,26.4614625,-80.0728201
642,36.6763758,-97.0793675
643,26.6167555,-80.0684479
644,26.9636401,-80.1121493
645,28.2336196,-82.18119469999999
646,28.0186323,-82.1128641
647,36.13919569999999,-95.9953743
648,27.7730836,-82.40759349999999
649,27.9462615,-82.2420317
650,27.950575,-82.4571776
651,27.950575,-82.4571776
652,27.7676008,-82.64029149999999
653,59.9342802,30.3350986
654,27.7428134,-82.7504542
655,27.7980814,-82.79732469999999
656,27.9658533,-82.8001026
657,27.9094665,-82.7873244
658,27.8397466,-82.79121339999999
659,37.09024,-95.712891
660,28.0652975,-81.7886906
661,28.0222435,-81.7328567
662,26.640628,-81.8723084
663,26.5628537,-81.9495331
664,26.9297836,-82.0453664
665,26.1420358,-81.7948103
666,26.339806,-81.7786972
667,27.4989278,-82.5748194
668,27.5214269,-82.57231929999999
669,27.3364347,-82.53065269999999
670,45.4408474,12.3155151
671,28.902479,-82.59260119999999
672,29.1871986,-82.14009229999999
673,28.4831682,-82.5369872
674,28.5552719,-82.3878709
675,32.6673701,-97.3247322
676,28.2441768,-82.7192671
677,37.0361559,-95.6305148
678,28.0780718,-82.7637127
679,28.1461248,-82.7567679
680,27.9908529,-82.6931553
681,27.9908529,-82.6931553
682,28.0197404,-82.7717684
683,28.5494447,-81.77285429999999
684,39.1156615,-77.56360149999999
685,28.5691677,-81.5439619
686,38.9917797,-74.8148894
687,28.5652787,-81.58618469999999
688,27.4467056,-80.3256056
689,27.2730492,-80.3582261
690,34.0753762,-84.2940899
691,33.7748275,-84.2963123
692,34.2073196,-84.14019259999999
693,40.3016375,-74.7361013
694,33.95260200000001,-84.5499327
695,33.3942655,-104.5230242
696,33.8081608,-84.17019599999999
697,37.09024,-95.712891
698,46.78667189999999,-92.1004852
699,34.0289259,-84.198579
700,32.9756415,-96.8899636
701,34.1650972,-84.7999382
702,34.0234337,-84.6154897
703,34.0234337,-84.6154897
704,41.9027835,12.4963655
705,42.0409247,-74.1181971
706,37.0891604,-95.7131979
707,33.0362218,-85.0322444
708,33.0362218,-85.0322444
709,33.3806716,-84.79965729999999
710,33.3968557,-84.59634319999999
711,33.7489954,-84.3879824
712,33.9304352,-84.3733147
713,33.8920468,-84.29881259999999
714,33.8920468,-84.29881259999999
715,33.660109,-84.4102046
716,32.4487876,-81.7831674
717,29.6516344,-82.32482619999999
718,39.0885488,-94.4767111
719,34.1092735,-83.7626729
720,41.49932,-81.6943605
721,34.5261465,-83.9843953
722,37.9838096,23.7275388
723,36.0726354,-79.7919754
724,37.022501,-95.6182247
725,28.7470494,-81.477209
726,33.4734978,-82.0105148
727,32.8406946,-83.6324022
728,32.0808989,-81.091203
729,38.679547,-90.50493499999999
730,30.8327022,-83.2784851
731,42.6525793,-73.7562317
732,41.3914827,-73.95597210000001
733,39.9611755,-82.99879419999999
734,30.4474878,-91.20732609999999
735,19.7241106,-155.0868193
736,21.4022222,-157.7394444
737,19.639994,-155.9969261
738,20.0230556,-155.6716667
739,21.3996475,-157.7973653
740,20.7644275,-156.4450063
741,20.8783333,-156.6825
742,21.9811111,-159.3711111
743,21.4513314,-158.0152807
744,21.3866667,-158.0091667
745,21.3069444,-157.8583333
746,42.8621042,-112.4506191
747,44.5046445,-114.2317308
748,42.5558381,-114.4700518
749,42.5990714,-114.7594946
750,43.51962880000001,-114.3153245
751,43.6807402,-114.3636619
752,43.49266069999999,-112.0407584
753,42.9825633,-77.4088794
754,45.1757547,-113.8959008
755,29.8182805,-95.41010360000001
756,35.7858169,-96.77482979999999
757,45.4221105,-116.3154109
758,44.906183,-116.1171311
759,43.5788175,-116.55978
760,43.6150186,-116.2023137
761,37.9716898,-100.8726618
762,37.9716898,-100.8726618
763,48.6913257,-116.3163092
764,47.6734632,-116.7812225
765,37.6789446,-97.1049646
766,55.755826,37.6172999
767,48.3054806,-116.5338037
768,47.7179578,-116.9515856
769,48.5879853,-116.8668585
770,47.8124031,-116.8965857
771,48.276577,-116.553465
772,31.314414,-85.465817
773,42.0039178,-87.9703461
774,42.1539141,-88.1361888
775,42.0881054,-88.1535352
776,42.2122015,-88.167149
777,35.79154,-78.7811169
778,42.2411344,-88.31619649999999
779,41.98675069999999,-87.8721602
780,42.0778065,-87.8223368
781,42.34446639999999,-88.04174599999999
782,42.3702996,-87.90201859999999
783,42.1816918,-87.8003437
784,42.1997468,-87.80923349999999
785,42.2791365,-87.8443151
786,42.1783584,-87.99785179999999
787,42.19696889999999,-88.0934108
788,42.2830786,-87.9531303
789,42.333355,-88.2667534
790,42.263079,-88.00396529999999
791,42.263079,-88.00396529999999
792,42.1275267,-87.82895479999999
793,42.1103041,-88.03424000000001
794,52.9451889,-0.1601246
795,42.2589122,-88.1392474
796,42.3636331,-87.84479379999999
797,42.1662831,-87.9631308
798,42.4789097,-87.8236841
799,42.1655801,-88.29424929999999
800,32.6789285,-97.0552733
801,41.9294736,-88.75036469999999
802,42.0989145,-88.2714689
803,42.0980812,-88.28285810000001
804,41.8994744,-87.9403418
805,41.8794758,-87.81367
806,46.2043907,6.1431577
807,41.9750287,-88.0072909
808,41.8800296,-88.00784349999999
809,42.0333607,-88.0834059
810,41.9141945,-88.3086867
811,41.95586369999999,-87.8708965
812,41.8897519,-87.98895429999999
813,41.8661403,-88.1070127
814,42.0450722,-87.68769689999999
815,41.8850317,-87.7845025
816,41.85058739999999,-87.7936685
817,43.0891787,-87.8875848
818,41.6572562,-87.68004859999999
819,41.4294753,-88.2286735
820,35.240117,24.8092691
821,41.5428123,-87.6847684
822,39.08627329999999,-120.1607425
823,41.525031,-88.0817251
824,42.732535,-84.5555347
825,41.673642,-88.0017261
826,41.69864159999999,-88.0683955
827,41.6475306,-88.0895061
828,41.5261437,-87.8892189
829,41.5119761,-87.9656098
830,41.6303103,-87.85394250000002
831,41.5731442,-87.7932939
832,34.87831000000001,-118.2967447
833,35.4858766,-97.5391684
834,41.8089191,-88.01117459999999
835,40.8456555,-74.0879195
836,41.7689207,-87.857835
837,41.7697533,-87.9358931
838,40.2247075,-105.271378
839,41.7508391,-88.1535352
840,41.8061399,-88.3272952
841,43.4553461,-76.5104973
842,39.70421229999999,-86.39943869999999
843,41.81780699999999,-88.17340209999999
844,34.4488434,-119.6610313
845,41.0771914,-73.4686858
846,41.8781136,-87.6297982
847,42.0189191,-87.80284019999999
848,41.1760108,-87.87952299999999
849,41.2505881,-87.8314324
850,37.0533656,-94.5263755
851,26.5416093,-78.64554749999999
852,42.4166744,-90.4290168
853,36.1610453,-95.9001784
854,42.4930708,-89.0367763
855,42.2711311,-89.0939952
856,42.3472406,-89.03899559999999
857,41.5094771,-90.5787476
858,42.795896,-77.816947
859,41.5067003,-90.51513419999999
860,45.4215296,-75.69719309999999
861,40.94781580000001,-90.3712395
862,40.2804557,-74.0058114
863,40.6936488,-89.5889864
864,40.666149,-89.5800978
865,39.165325,-86.52638569999999
866,38.3686324,-93.7782689
867,40.5142026,-88.9906312
868,40.1105875,-88.2072697
869,40.1164204,-88.2433829
870,38.9076089,-77.07225849999999
871,40.1953106,-88.40422339999999
872,38.0086043,-78.4531994
873,40.054753,-88.2517165
874,48.856614,2.3522219
875,38.8906038,-90.1842764
876,38.8114364,-89.95315699999999
877,42.2070391,-71.6856236
878,38.5200504,-89.9839935
879,38.6106042,-89.52703059999999
880,38.6703266,-89.9845476
881,38.8106075,-90.69984769999999
882,38.2117172,-89.9942741
883,50.71469,4.3991
884,39.1330967,-88.4719918
885,33.7748275,-84.2963123
886,39.9378273,-89.67593719999999
887,37.2279279,-77.40192669999999
888,37.2089572,-93.29229889999999
889,37.09024,-95.712891
890,38.0114393,-89.2361935
891,37.5703276,-89.31758789999999
892,36.951999,-92.6604457
893,37.9100504,-89.2359165
894,37.7644952,-89.3350888
895,37.09024,-95.712891
896,36.5552386,-121.9232879
897,39.9567548,-86.01335
898,40.0683725,-85.84831319999999
899,39.8942911,-85.91978379999999
900,40.0455917,-86.0085955
901,37.783733,-122.4068808
902,39.9972626,-86.3458296
903,39.5208818,-86.16776569999999
904,39.7219884,-86.0899847
905,39.8433769,-86.39777350000001
906,37.09024,-95.712891
907,39.6444898,-86.8647316
908,42.9614039,-88.0125865
909,39.6136578,-86.10665259999999
910,36.6915262,-79.8725386
911,39.70421229999999,-86.39943869999999
912,39.5500485,-86.0797079
913,39.768403,-86.158068
914,39.768403,-86.158068
915,41.6105937,-87.06419919999999
916,43.6316876,-79.395972
917,41.4169806,-87.3653135
918,41.4942021,-87.52170679999999
919,41.5283693,-87.42364970000001
920,41.5833688,-87.5000412
921,51.9606649,7.6261347
922,29.6657838,-95.0193728
923,41.70753939999999,-86.8950297
924,36.1335728,-95.96688089999999
925,41.4730948,-87.0611412
926,39.5897206,-95.612759
927,41.6020403,-87.3371523
928,41.4828144,-87.33281389999999
929,41.6819935,-85.9766671
930,41.5822716,-85.8344383
931,36.1777477,-95.85796669999999
932,36.7182401,-95.9351092
933,41.6619927,-86.15861559999999
934,43.0481221,-76.14742439999999
935,44.1313,-81.15071800000001
936,52.2296756,21.0122287
937,41.6763545,-86.25198979999999
938,42.243097,-84.7530304
939,-11.202692,17.873887
940,32.6098566,-85.48078249999999
941,41.2906243,-85.19798569999999
942,41.079273,-85.1393513
943,40.486427,-86.13360329999999
944,39.9675002,-75.1691305
945,-9.189967,-75.015152
946,43.15657789999999,-77.6088465
947,35.4858766,-97.5391684
948,39.3000511,-85.222184
949,53.1434501,8.214552099999999
950,38.2120121,-86.1219155
951,38.2775702,-85.7371847
952,40.0811745,-82.8087864
953,39.9611755,-82.99879419999999
954,43.0730517,-89.4012302
955,41.397146,-73.07475339999999
956,40.1933767,-85.3863599
957,37.09024,-95.712891
958,37.5407246,-77.4360481
959,39.165325,-86.52638569999999
960,41.3931096,-81.5365094
961,36.1626638,-86.7816016
962,36.1282435,-94.14995689999999
963,38.2235908,-86.86218029999999
964,38.3914418,-86.9311094
965,37.9514447,-86.76776629999999
966,38.677269,-87.5286325
967,37.9715592,-87.5710898
968,39.4667034,-87.41390919999999
969,38.3686324,-93.7782689
970,39.4650363,-87.45002099999999
971,30.2240897,-92.0198427
972,40.4258686,-86.90806549999999
973,40.0411536,-86.87445160000001
974,38.0086043,-78.4531994
975,42.673664,-73.55941279999999
976,40.5186809,-78.3947359
977,42.0307812,-93.63191309999999
978,41.7317884,-93.6001278
979,33.265144,-111.9679677
980,36.216795,-81.6745517
981,40.2010241,-77.20027449999999
982,44.5434095,-68.4194641
983,35.9606384,-83.9207392
984,42.0494674,-92.90803749999999
985,28.1825147,-81.8239676
986,41.5638902,-93.75938409999999
987,41.3308237,-94.0138393
988,41.5868353,-93.6249593
989,41.6060873,-93.77235999999999
990,43.1535728,-93.20103669999999
991,38.9582307,-122.6263728
992,37.0891604,-95.7131979
993,43.0813888,-88.91177420000001
994,43.6301146,-84.2744061
995,36.6189367,-96.2375947
996,42.4974694,-94.16801579999999
997,41.2147851,-79.3853218
998,40.7450055,-123.8695086
999,42.5348993,-92.4453161
1000,43.0663612,-92.6724112
1001,50.71469,4.3991
1002,42.4963416,-96.40494079999999
1003,38.9366442,-77.1084055
1004,41.2306979,-73.064036
1005,46.2743029,-122.1337072
1006,32.9403702,-97.17380449999999
1007,33.7399763,-84.3462782
1008,38.29275579999999,-78.6795836
1009,42.5005583,-90.66457179999999
1010,47.6101497,-122.2015159
1011,42.8538739,-91.4054159
1012,53.4807593,-2.2426305
1013,43.30330559999999,-91.7857092
1014,43.1835847,-91.8640482
1015,41.7999755,-91.86807999999999
1016,41.6611277,-91.5301683
1017,41.6822756,-91.5960643
1018,41.4830723,-91.7060015
1019,38.707982,-77.0861753
1020,41.9778795,-91.6656232
1021,41.01602930000001,-92.40830220000001
1022,41.0300078,-92.811307
1023,41.2916728,-92.6493595
1024,36.135688,-95.91991159999999
1025,40.6297634,-91.31453499999999
1026,40.4044731,-91.3963966
1027,41.5262641,-90.50725729999999
1028,41.5262641,-90.50725729999999
1029,43.0426633,-76.067849
1030,41.5975061,-90.3462215
1031,41.424473,-91.0432051
1032,41.5236437,-90.5776367
1033,38.9433372,-95.09858070000001
1034,38.9716689,-95.2352501
1035,47.5962326,-120.6614765
1036,38.8813958,-94.81912849999999
1037,45.4215296,-75.69719309999999
1038,39.0997265,-94.5785667
1039,35.3272928,-96.9253004
1040,38.9822282,-94.6707917
1041,38.9536174,-94.73357089999999
1042,40.7830603,-73.9712488
1043,39.0473451,-95.67515759999999
1044,37.8397626,-94.7082951
1045,38.403903,-96.18166260000001
1046,47.7510741,-120.7401385
1047,47.4873895,-117.5757622
1048,37.8167564,-96.8869965
1049,37.68717609999999,-97.33005299999999
1050,38.8402805,-97.61142369999999
1051,38.3708415,-97.66420869999999
1052,38.3481681,-81.6297007
1053,39.0094538,-98.394228
1054,38.0608445,-97.92977429999999
1055,37.09024,-95.712891
1056,38.8791783,-99.3267702
1057,39.06945140000001,-100.2323551
1058,37.7527982,-100.0170787
1059,38.2526647,-85.7584557
1060,38.9076089,-77.07225849999999
1061,37.762298,-84.8432852
1062,48.856614,2.3522219
1063,48.8048649,2.1203554
1064,37.8215929,-121.9999606
1065,37.5407246,-77.4360481
1066,38.0405837,-84.5037164
1067,38.2009055,-84.87328350000001
1068,38.2009055,-84.87328350000001
1069,38.8048355,-77.0469214
1070,30.4754702,-90.1009108
1071,42.1600936,-72.47591899999999
1072,38.3903526,-84.2941013
1073,43.7695604,11.2558136
1074,41.4901024,-71.3128285
1075,47.6101497,-122.2015159
1076,37.4792672,-82.5187629
1077,37.6656527,-82.7715486
1078,37.0833893,-88.6000478
1079,41.3797788,-83.6300826
1080,55.864237,-4.251806
1081,36.8656008,-87.4886186
1082,36.0395247,-114.9817213
1083,41.9024043,-87.6289049
1084,37.7030646,-85.8649408
1085,37.2242358,-95.7083131
1086,29.95106579999999,-90.0715323
1087,29.5957696,-90.71953479999999
1088,41.5833688,-87.5000412
1089,30.7265747,-90.50898149999999
1090,30.4754702,-90.1009108
1091,30.35825059999999,-90.06563109999999
1092,30.4388041,-90.4414762
1093,30.39769729999999,-91.9315062
1094,30.147146,-91.9612305
1095,30.2265949,-93.2173758
1096,30.4514677,-91.18714659999999
1097,32.5251516,-93.7501789
1098,32.5159852,-93.7321228
1099,37.09024,-95.712891
1100,32.5232053,-92.63792699999999
1101,32.5184775,-92.14763529999999
1102,38.8048355,-77.0469214
1103,31.1279652,-92.0662356
1104,31.7607195,-93.08627489999999
1105,55.770242,-2.005395
1106,53.95996510000001,-1.0872979
1107,36.111213,-95.97177459999999
1108,43.0881256,-70.73613700000001
1109,41.583189,-72.7203447
1110,43.4925843,-70.45338439999999
1111,44.0548021,-70.71286839999999
1112,38.679547,-90.50493499999999
1113,26.5416093,-78.64554749999999
1114,44.0164329,-70.9806357
1115,43.885632,-70.33171949999999
1116,43.3845306,-70.54399
1117,52.6638367,-8.6267343
1118,26.1420358,-81.7948103
1119,43.5177659,-70.3772911
1120,43.5009176,-70.4428286
1121,54.283113,-0.399752
1122,37.2262796,-95.7063467
1123,43.6770252,-70.3711617
1124,45.5154586,-122.6793461
1125,43.6414716,-70.2408811
1126,43.6414716,-70.2408811
1127,43.6605159,-70.1907335
1128,32.6098566,-85.48078249999999
1129,40.6098473,-122.3584268
1130,46.4004089,-117.001189
1131,40.2804557,-74.0058114
1132,60.47202399999999,8.468945999999999
1133,41.1953739,-73.4378988
1134,33.4734978,-82.0105148
1135,45.0318802,-110.7057663
1136,44.2859022,-69.7908786
1137,33.8222833,-84.5095826
1138,34.939393,-81.0321286
1139,44.8016128,-68.7712257
1140,36.0617435,-94.1613778
1141,44.6289696,-68.77012239999999
1142,42.3732216,-72.5198537
1143,42.1042451,-72.3189519
1144,44.97135189999999,-93.6044033
1145,44.6377864,-68.8449792
1146,51.3810641,-2.3590167
1147,43.8762865,-69.6337364
1148,54.978252,-1.61778
1149,44.0952725,-69.37560169999999
1150,43.9185554,-69.6974417
1151,44.5434095,-68.4194641
1152,44.3876119,-68.2039123
1153,40.7320465,-73.9996685
1154,44.85858630000001,-66.9835907
1155,44.71507889999999,-67.461376
1156,37.9166784,-97.422541
1157,37.0069866,-94.55230410000001
1158,47.2586502,-68.589491
1159,42.1306563,-70.9161551
1160,39.9259463,-75.1196199
1161,44.2811973,-69.0087018
1162,41.39091390000001,-72.8595447
1163,37.09024,-95.712891
1164,44.5520105,-69.6317121
1165,54.59728500000001,-5.93012
1166,41.7360305,-72.79502699999999
1167,45.0736009,-70.26168729999999
1168,37.09024,-95.712891
1169,44.3617419,-69.1950411
1170,44.76503659999999,-69.7193803
1171,36.0855538,-95.95737299999999
1172,38.5403996,-76.5844017
1173,37.2256902,-95.7061074
1174,38.7170349,-76.6007915
1175,38.9559442,-76.9455301
1176,38.984652,-77.0947092
1177,39.1806623,-77.0591452
1178,39.0839973,-77.1527578
1179,39.1174267,-77.1611903
1180,39.1434406,-77.2013705
1181,38.99066570000001,-77.026088
1182,34.1002455,-118.459463
1183,39.2673283,-76.7983067
1184,37.09024,-95.712891
1185,51.5556461,-0.1761749
1186,39.5781625,-76.6145058
1187,39.0839981,-76.7002462
1188,39.0017772,-76.68746709999999
1189,37.037126,-95.623893
1190,51.4974948,-0.1356583
1191,39.8366528,-105.0372046
1192,41.76693119999999,-83.6986568
1193,39.2903848,-76.6121893
1194,39.2506633,-76.5205184
1195,39.2401735,-76.6806441
1196,39.2903848,-76.6121893
1197,38.9784453,-76.4921829
1198,36.1532977,-95.98919529999999
1199,40.0530885,-82.9151849
1200,52.205337,0.121817
1201,38.8403909,-77.42887689999999
1202,33.2148412,-97.13306829999999
1203,37.5111625,-94.8514174
1204,46.50992249999999,-114.0931588
1205,39.1870554,-75.8588257
1206,39.41426879999999,-77.4105409
1207,-25.0662897,-130.1004636
1208,38.679547,-90.50493499999999
1209,39.6417629,-77.71999319999999
1210,36.4993007,-80.6072858
1211,41.2411897,-77.00107860000001
1212,38.3606736,-75.5993692
1213,52.52000659999999,13.404954
1214,38.3365032,-75.0849058
1215,38.3876168,-75.47103129999999
1216,38.396782,-75.3021363
1217,39.530946,-75.8074367
1218,39.60677889999999,-75.83327179999999
1219,42.3732216,-72.5198537
1220,36.1074489,-95.9751306
1221,42.2770346,-72.4008884
1222,42.2591729,-72.57479339999999
1223,42.266757,-72.66897999999999
1224,40.8245437,-72.6662075
1225,42.4161001,-92.2149046
1226,39.33337059999999,-76.632607
1227,42.2042586,-72.6162009
1228,42.1600936,-72.47591899999999
1229,42.1600936,-72.47591899999999
1230,42.3250896,-72.64120129999999
1231,43.7695604,11.2558136
1232,42.0548167,-72.7703724
1233,37.783733,-122.4068808
1234,42.1070383,-72.6203675
1235,42.4398101,-72.6348118
1236,37.2707022,-76.7074571
1237,37.2089572,-93.29229889999999
1238,42.4500845,-73.2453824
1239,37.022501,-95.6182247
1240,42.1959798,-73.362008
1241,42.70091499999999,-73.1087148
1242,53.38112899999999,-1.470085
1243,42.9614039,-88.0125865
1244,42.6731396,-72.6967587
1245,42.57830190000001,-72.4937898
1246,37.06416979999999,-94.47909639999999
1247,42.6042514,-72.7392588
1248,42.4773097,-72.6078667
1249,42.60425230000001,-72.5564777
1250,42.5834228,-71.8022955
1251,42.5611947,-71.58990539999999
1252,39.97176400000001,-83.1018521
1253,39.8366528,-105.0372046
1254,42.13565,-71.970074
1255,42.2266927,-72.046446
1256,42.1084122,-72.0787059
1257,42.1162056,-72.11341
1258,36.615845,-94.5946704
1259,36.1282435,-94.14995689999999
1260,42.2695216,-71.61612939999999
1261,42.3667589,-71.78562699999999
1262,42.2353463,-72.14116419999999
1263,42.1112075,-71.6661783
1264,42.2625932,-71.8022934
1265,42.279286,-71.4161565
1266,42.4850931,-71.43284
1267,44.3726476,-72.87876250000001
1268,37.9779776,-122.0310733
1269,42.22869540000001,-71.5225646
1270,41.240056,-81.44066699999999
1271,42.3459271,-71.5522874
1272,42.4334903,-71.4495058
1273,41.2306979,-73.064036
1274,42.2775281,-71.3468091
1275,42.4792618,-71.1522765
1276,42.6583356,-71.1367953
1277,42.7762015,-71.0772796
1278,37.0486746,-94.7016158
1279,42.46676300000001,-70.9494938
1280,42.85839250000001,-70.93003759999999
1281,42.5584283,-70.880049
1282,42.6159285,-70.6619888
1283,52.056736,1.14822
1284,42.49995819999999,-70.8578024
1285,42.8125913,-70.87727509999999
1286,42.5278731,-70.9286609
1287,42.51954,-70.8967155
1288,42.8014795,-70.989778
1289,42.3086444,-83.48211599999999
1290,42.2418172,-70.889759
1291,44.6688524,-90.1717987
1292,42.18758260000001,-71.30645969999999
1293,42.19439089999999,-71.19896949999999
1294,42.195929,-70.7258633
1295,42.3600825,-71.0588801
1296,42.30163049999999,-71.067605
1297,42.3097365,-71.1151431
1298,52.205337,0.121817
1299,42.3875968,-71.0994968
1300,42.4250964,-71.066163
1301,47.9789848,-122.2020795
1302,42.3917638,-71.0328284
1303,42.2079017,-71.0040013
1304,42.2180724,-70.94103559999999
1305,41.9903519,-70.9750541
1306,39.89295680000001,-96.87842239999999
1307,40.1240795,-75.11951069999999
1308,42.06666200000001,-71.1045482
1309,41.9584457,-70.6672621
1310,36.2106867,-95.98165039999999
1311,42.3764852,-71.2356113
1312,37.09024,-95.712891
1313,42.3709299,-71.1828321
1314,41.7417739,-70.4516929
1315,41.3890052,-70.5133599
1316,41.2834704,-70.099451
1317,41.4542793,-70.5619724
1318,41.6524911,-70.2881124
1319,41.647872,-70.4819674
1320,36.1026234,-115.2019354
1321,41.7020781,-70.1515342
1322,41.94454409999999,-71.2856082
1323,41.7014912,-71.1550451
1324,41.6362152,-70.93420499999999
1325,37.09024,-95.712891
1326,41.9487077,-71.0731162
1327,37.8715926,-122.272747
1328,39.0587452,-94.5985613
1329,42.8441964,-82.8843722
1330,33.5185892,-86.8103567
1331,42.5333682,-83.14631659999999
1332,42.4625362,-83.1040912
1333,42.5868882,-82.9195514
1334,42.7194778,-82.492132
1335,48.0517637,-122.1770818
1336,42.4894801,-83.1446485
1337,42.8208653,-82.486024
1338,42.4974085,-82.89636039999999
1339,42.7284117,-73.69178509999999
1340,37.09024,-95.712891
1341,47.7510741,-120.7401385
1342,42.2808256,-83.7430378
1343,40.598019,-111.583187
1344,42.3917638,-71.0328284
1345,42.3222599,-83.17631449999999
1346,37.1772513,-96.7144722
1347,42.36837,-83.35270969999999
1348,45.4642035,9.189982
1349,42.5149364,-83.6082346
1350,42.4311464,-83.4832692
1351,41.9584457,-70.6672621
1352,42.2222614,-83.39659940000001
1353,42.1667072,-83.7816075
1354,42.46059,-83.6516063
1355,38.3861194,-97.4280895
1356,42.21420639999999,-83.14992389999999
1357,42.2411499,-83.61299389999999
1358,42.331427,-83.0457538
1359,42.4605917,-83.1346478
1360,42.3758708,-82.93741589999999
1361,43.15657789999999,-77.6088465
1362,42.670782,-83.0329934
1363,42.670782,-83.0329934
1364,42.6875323,-83.2341028
1365,52.2593197,-7.1100702
1366,41.7360305,-72.79502699999999
1367,42.6389216,-83.29104679999999
1368,42.7351196,-83.4192941
1369,37.2741908,-97.1689296
1370,42.48059,-83.4754913
1371,41.2306979,-73.064036
1372,42.5750853,-83.48823469999999
1373,42.5247555,-83.5363268
1374,43.0347491,-83.5180063
1375,42.7978061,-83.7049498
1376,42.7919727,-83.6277255
1377,43.0514161,-83.31883409999999
1378,38.0405837,-84.5037164
1379,44.04612530000001,-82.994114
1380,41.4561754,-82.71168209999999
1381,43.0125274,-83.6874562
1382,36.75858100000001,-95.939319
1383,43.4194699,-83.9508068
1384,43.8194703,-84.7686281
1385,49.379918,-121.935469
1386,31.9973456,-102.0779146
1387,44.2764083,-84.2386132
1388,43.5944677,-83.8888647
1389,43.331691,-83.7380194
1390,44.42028879999999,-83.3307974
1391,44.26946119999999,-83.5146973
1392,44.9839512,-93.2480234
1393,35.2270869,-80.8431267
1394,42.842256,-84.56914870000001
1395,42.64559149999999,-84.6488707
1396,42.7369792,-84.48386540000001
1397,42.7533685,-84.7463757
1398,34.85261759999999,-82.3940104
1399,40.1645785,-74.2082671
1400,42.9872547,-85.07111739999999
1401,37.09024,-95.712891
1402,32.8323225,-79.82842579999999
1403,32.8323225,-79.82842579999999
1404,45.5154586,-122.6793461
1405,42.6889235,-84.2830245
1406,42.732535,-84.5555347
1407,42.2917069,-85.5872286
1408,42.2011538,-85.5800022
1409,42.5291989,-85.8553031
1410,44.8016128,-68.7712257
1411,42.1167065,-86.45418939999999
1412,37.2089572,-93.29229889999999
1413,33.7748275,-84.2963123
1414,42.4998539,-85.4082292
1415,41.9842123,-86.10862279999999
1416,40.94781580000001,-90.3712395
1417,42.6458682,-85.29084030000001
1418,34.6035669,-98.39592909999999
1419,36.0674332,-95.774913
1420,32.7802715,-79.9273831
1421,32.7802715,-79.9273831
1422,42.4400357,-85.6489035
1423,36.131913,-95.95911699999999
1424,42.4030865,-86.2736407
1425,37.09024,-95.712891
1426,32.3526456,-90.877882
1427,42.7300783,-73.7012299
1428,22.3071588,73.1812187
1429,41.9430986,-86.5569659
1430,37.5273566,-79.67976139999999
1431,41.7939302,-86.74391539999999
1432,34.0908279,-118.2779659
1433,46.50992249999999,-114.0931588
1434,37.0328728,-95.6316455
1435,41.8975471,-84.03716589999999
1436,42.243097,-84.7530304
1437,42.2548238,-84.20395429999999
1438,41.9200472,-84.6305101
1439,39.0476961,-95.5785667
1440,34.774531,-96.6783449
1441,43.6980782,-85.4836557
1442,42.8077958,-87.92424799999999
1443,33.926728,-117.417753
1444,43.2233604,-85.5514237
1445,43.0386368,-85.67003319999999
1446,42.7249602,-85.7051116
1447,37.0486746,-94.7016158
1448,43.4663341,-83.97690750000001
1449,43.4197429,-85.80005059999999
1450,42.2711311,-89.0939952
1451,37.074461,22.430264
1452,42.3625953,-71.3614484
1453,41.0414857,-74.129032
1454,37.09024,-95.712891
1455,42.5939168,-86.1017009
1456,37.5482697,-121.9885719
1457,43.0630734,-86.22838639999999
1458,42.9097484,-85.7630885
1459,37.0412191,-95.6393167
1460,52.132633,5.291265999999999
1461,42.870859,-85.8650358
1462,43.9552825,-86.4525831
1463,43.2341813,-86.24839209999999
1464,42.6550248,-86.2019825
1465,40.1534476,-74.0281925
1466,51.5049822,-0.1265712
1467,51.4940309,3.8496815
1468,42.9633599,-85.6680863
1469,43.0759678,-107.2902839
1470,37.09024,-95.712891
1471,42.9633599,-85.6680863
1472,37.3683196,-95.257615
1473,29.7057858,-95.4588299
1474,44.631944,-86.09092419999999
1475,37.0792428,-95.6466449
1476,44.72388910000001,-85.8431394
1477,44.2444473,-86.324253
1478,40.9009313,-73.3431727
1479,43.8750174,-85.5100498
1480,44.9766663,-85.6506387
1481,44.7630567,-85.62063169999999
1482,45.7774987,-84.72714649999999
1483,45.44417780000001,-84.7867115
1484,45.0616794,-83.4327528
1485,45.2166751,-85.01394189999999
1486,39.74422680000001,-83.80853719999999
1487,45.3180632,-85.2584004
1488,32.9546827,-97.06445950000001
1489,44.6614039,-84.7147512
1490,45.43167589999999,-84.9919992
1491,37.09024,-95.712891
1492,45.3733428,-84.9553296
1493,46.49771150000001,-84.3475876
1494,36.3511138,-94.12850879999999
1495,45.74524659999999,-87.06458010000001
1496,47.7504469,-90.3342727
1497,46.4885469,-87.6676358
1498,45.9577506,-86.2462523
1499,43.038473,-87.93044549999999
1500,45.10776269999999,-87.6142737
1501,46.4110574,-86.6479361
1502,39.8055757,-86.2786237
1503,42.4233981,-78.1572319
1504,46.4546698,-90.1710081
1505,40.6098473,-122.3584268
1506,45.3735757,-92.8899376
1507,45.1602442,-93.0888324
1508,43.26650890000001,-79.9568685
1509,42.6458682,-85.29084030000001
1510,44.6496868,-93.24271999999999
1511,44.4582983,-93.161604
1512,45.8229105,-92.9703435
1513,36.291841,-95.84877809999999
1514,45.056004,-92.80884429999999
1515,45.0541329,-92.9566037
1516,44.9537029,-93.0899578
1517,45.0853814,-93.0081479
1518,45.0655212,-93.2018908
1519,38.7521235,-121.2880059
1520,44.8041322,-93.1668858
1521,37.7665947,-120.8471545
1522,41.3645382,-74.1059775
1523,38.8303905,-77.1963703
1524,45.1977428,-93.3871758
1525,44.7677424,-93.27772259999999
1526,45.3331421,-93.7335062
1527,42.88644679999999,-78.8783689
1528,36.0930727,-115.1775986
1529,44.9032963,-93.5663455
1530,44.9260794,-93.4044187
1531,44.9211836,-93.4687489
1532,38.0608445,-97.92977429999999
1533,37.9973704,-97.3342624
1534,44.9866298,-93.5716243
1535,38.0086043,-78.4531994
1536,45.0724642,-93.4557877
1537,44.7132969,-93.4227274
1538,44.7973962,-93.5272861
1539,44.9352407,-93.63218169999999
1540,37.09024,-95.712891
1541,44.8504317,-93.7876429
1542,44.97413,-93.5066217
1543,44.977753,-93.2650108
1544,44.9597376,-93.3702186
1545,44.9917149,-93.3600034
1546,45.076076,-93.3327283
1547,45.1732394,-93.30300629999999
1548,44.8896866,-93.3499489
1549,45.0941315,-93.3563405
1550,45.1607987,-93.23494889999999
1551,47.7504469,-90.3342727
1552,47.0227111,-91.67073219999999
1553,47.9032372,-91.8670873
1554,42.9633599,-85.6680863
1555,47.42715459999999,-92.9376887
1556,46.4513889,-92.7666667
1557,46.78667189999999,-92.1004852
1558,43.15657789999999,-77.6088465
1559,30.267153,-97.7430608
1560,37.2244423,-95.7066869
1561,41.8876238,-87.6242032
1562,44.0553908,-91.6663523
1563,44.1635775,-93.99939959999999
1564,44.1732996,-94.033845
1565,44.6230409,-93.76840419999999
1566,43.6375818,-94.10239059999999
1567,44.0507937,-94.4182981
1568,32.3792233,-86.3077368
1569,44.5432966,-93.5760652
1570,44.3144394,-94.45930179999999
1571,44.0770411,-93.50838429999999
1572,37.0658714,-96.30134319999999
1573,43.6555249,-96.2025289
1574,45.1223711,-95.048659
1575,36.0674332,-95.774913
1576,-34.9011127,-56.16453139999999
1577,41.3556539,-72.0995209
1578,45.5579451,-94.16324039999999
1579,38.8048355,-77.0469214
1580,37.5528171,-77.479135
1581,41.4200937,-73.954583
1582,40.8690101,-74.20822860000001
1583,39.7674578,-94.84668099999999
1584,35.4132751,-94.2410786
1585,46.3526733,-94.2020084
1586,29.9118885,-95.0621512
1587,46.5205224,-94.2886089
1588,46.8171808,-95.8453253
1589,46.2835212,-96.0777887
1590,46.8737648,-96.76780389999999
1591,46.5953437,-95.5730088
1592,47.471573,-94.8826861
1593,48.6129906,-93.3487579
1594,48.77442629999999,-96.94644699999999
1595,34.85261759999999,-82.3940104
1596,38.1353318,-85.68393619999999
1597,34.1514989,-89.63147359999999
1598,31.5604442,-91.40317100000001
1599,32.3526456,-90.877882
1600,32.3095903,-90.13897569999999
1601,37.09024,-95.712891
1602,31.3271189,-89.29033919999999
1603,37.2256902,-95.7061074
1604,30.3674198,-89.0928155
1605,30.3960318,-88.88530779999999
1606,30.4090829,-89.43505189999999
1607,30.4113097,-88.8278057
1608,33.4503998,-88.81838719999999
1609,38.5925532,-90.5870686
1610,42.91311,-85.605526
1611,37.3770935,-77.5049863
1612,38.2206101,-90.3959543
1613,38.789217,-90.322614
1614,38.7131073,-90.42984009999999
1615,38.4589432,-90.5365126
1616,45.5200114,-122.9365835
1617,36.8984903,-96.0203559
1618,38.5492204,-90.49262139999999
1619,47.7510741,-120.7401385
1620,38.6270025,-90.19940419999999
1621,38.6270025,-90.19940419999999
1622,38.6608855,-90.42261800000001
1623,39.1015299,-84.51494869999999
1624,41.9141945,-88.3086867
1625,38.8106075,-90.69984769999999
1626,40.7272231,-74.0715029
1627,38.81144,-90.8529107
1628,39.7083789,-91.35848159999999
1629,37.854218,-90.51818039999999
1630,37.9786618,-90.0475582
1631,37.3058839,-89.51814759999999
1632,37.650351,-84.9516234
1633,36.7569994,-90.392888
1634,28.9503129,-81.31037069999999
1635,39.3391712,-94.22605589999999
1636,39.0725121,-93.7171621
1637,39.0911161,-94.41550679999999
1638,38.9108408,-94.3821724
1639,26.1003654,-80.3997748
1640,39.0997265,-94.5785667
1641,39.14290810000001,-94.5729781
1642,39.0086171,-94.46356379999999
1643,39.7674578,-94.84668099999999
1644,32.9756415,-96.8899636
1645,37.0148298,-95.6156498
1646,39.9566127,-75.18994409999999
1647,36.8689554,-94.36799599999999
1648,38.7042119,-91.4373844
1649,38.4408563,-92.99186519999999
1650,48.8048649,2.1203554
1651,38.57670170000001,-92.1735164
1652,37.09024,-95.712891
1653,37.948544,-91.7715303
1654,40.8083909,-82.97546489999999
1655,36.7336754,-95.9159416
1656,35.4858766,-97.5391684
1657,36.6436731,-93.21851439999999
1658,37.0208865,-93.2060163
1659,40.69370989999999,-75.1901761
1660,42.6389216,-83.29104679999999
1661,35.3255608,-112.8774057
1662,36.7281154,-91.8523711
1663,37.2089572,-93.29229889999999
1664,46.435512,-109.8343499
1665,37.2256902,-95.7061074
1666,40.7862871,-74.3300842
1667,45.1857782,-109.2468211
1668,45.7832856,-108.5006904
1669,41.8878697,-87.63832230000001
1670,55.864237,-4.251806
1671,40.2842164,-84.1554987
1672,46.4083362,-105.8405582
1673,37.09024,-95.712891
1674,47.106401,-104.7107931
1675,46.99045539999999,-104.1864623
1676,38.9987208,-77.2538699
1677,47.704826,-117.007206
1678,40.339256,-104.988586
1679,48.6330395,-112.3261618
1680,49.49437,0.107929
1681,35.937496,14.375416
1682,46.5891452,-112.0391057
1683,37.7965107,-80.2975704
1684,46.0038232,-112.5347775
1685,46.13053739999999,-112.9525441
1686,44.786568,20.4489216
1687,45.6769979,-111.0429339
1688,45.26178059999999,-111.3080244
1689,34.4541844,-119.2774702
1690,39.6302643,-106.0433518
1691,44.7971939,-106.9561791
1692,46.8721284,-113.9940314
1693,39.0835782,-94.883185
1694,39.9184461,-75.2590721
1695,37.0148298,-95.6156498
1696,37.7573266,-122.4214187
1697,18.0295839,-63.04713709999999
1698,47.69320039999999,-114.1631275
1699,46.50992249999999,-114.0931588
1700,48.1919889,-114.316813
1701,48.0632864,-114.0726134
1702,48.3799643,-114.1804038
1703,37.8239167,-96.2891703
1704,37.09024,-95.712891
1705,37.2263395,-95.7069092
1706,48.4106373,-114.3352652
1707,41.1544432,-96.0422378
1708,37.2089572,-93.29229889999999
1709,41.2565369,-95.9345034
1710,41.18388780000001,-96.031127
1711,41.18388780000001,-96.031127
1712,40.2659269,-96.7466913
1713,40.4136587,-97.4523238
1714,40.1127779,-96.1583402
1715,60.10416669999999,-149.4422222
1716,35.949526,-94.4235482
1717,39.9611755,-82.99879419999999
1718,42.243097,-84.7530304
1719,36.8507689,-76.28587259999999
1720,42.8384221,-71.14700370000001
1721,40.92537249999999,-74.2765441
1722,40.9263957,-98.3420118
1723,34.0292764,-94.7391045
1724,40.69933030000001,-99.0816784
1725,41.9741625,-87.9073214
1726,37.032066,-95.63451599999999
1727,42.6458682,-85.29084030000001
1728,41.1408363,-73.2612615
1729,40.4402885,-99.36982169999999
1730,41.7979111,-87.83749019999999
1731,45.52102989999999,-122.6785457
1732,41.1402759,-100.7601454
1733,37.5337616,-95.82796959999999
1734,37.09024,-95.712891
1735,41.8666341,-103.6671662
1736,35.9782216,-114.8345117
1737,36.0395247,-114.9817213
1738,35.1677771,-114.5730208
1739,38.069211,-117.2305861
1740,36.1699412,-115.1398296
1741,37.09024,-95.712891
1742,39.3095135,-119.6499793
1743,39.249683,-119.9526847
1744,39.5296329,-119.8138027
1745,39.1637984,-119.7674034
1746,40.8324211,-115.7631232
1747,37.2262796,-95.7063467
1748,42.3732216,-72.5198537
1749,54.9966124,-7.3085748
1750,54.9966124,-7.3085748
1751,42.6677049,-71.12257050000001
1752,42.7653662,-71.46756599999999
1753,42.51954,-70.8967155
1754,53.4807593,-2.2426305
1755,40.8686675,-82.3182178
1756,36.515694,-82.25696669999999
1757,43.8224604,-71.64406149999999
1758,51.280233,1.0789089
1759,51.336036,-0.267382
1760,43.1798323,-71.82228719999999
1761,35.949526,-94.4235482
1762,41.3556539,-72.0995209
1763,43.6301146,-84.2744061
1764,44.0302045,-71.6864932
1765,41.9584457,-70.6672621
1766,38.3606736,-75.5993692
1767,43.130638,-71.4531241
1768,43.4426486,-71.589209
1769,37.9779776,-122.0310733
1770,42.933692,-72.2781409
1771,42.3459271,-71.5522874
1772,52.56949849999999,-0.2405299
1773,42.7284117,-73.69178509999999
1774,37.5407246,-77.4360481
1775,39.1856597,-78.1633341
1776,39.613321,-105.0166498
1777,31.7053821,35.2024425
1778,41.9914071,-73.0956765
1779,33.213417,-96.609066
1780,40.0378755,-76.3055144
1781,43.149481,-72.3614201
1782,44.809967,-92.9288208
1783,51.376165,-0.098234
1784,43.0717552,-70.7625532
1785,43.0717552,-70.7625532
1786,43.0717552,-70.7625532
1787,41.6972996,-72.7228293
1788,35.0886963,-92.4421011
1789,51.1278758,1.3134027
1790,50.718412,-3.533899
1791,37.0891604,-95.7131979
1792,43.4367466,-71.1722886
1793,52.24487999999999,0.407962
1794,44.0536805,-71.1284041
1795,42.9737623,-70.8351792
1796,43.2617503,-70.8653372
1797,43.82184669999999,-71.20347009999999
1798,43.5852069,-71.20947989999999
1799,41.1408363,-73.2612615
1800,40.6584212,-74.2995928
1801,40.7439905,-74.0323626
1802,40.6764911,-74.2907032
1803,40.8259007,-74.2090053
1804,40.8042674,-74.012084
1805,40.60815909999999,-74.2776468
1806,40.7489277,-74.2609903
1807,40.5575986,-74.2846022
1808,40.6645469,-74.2643133
1809,40.7177545,-74.0431435
1810,37.09024,-95.712891
1811,40.8859325,-74.0434736
1812,40.8528777,-74.0420848
1813,40.8570442,-74.0215285
1814,40.3470543,-74.0643065
1815,40.2203907,-74.0120817
1816,37.09024,-95.712891
1817,40.4078864,-74.034306
1818,40.425941,-74.086807
1819,39.708515,-105.0776531
1820,40.2023354,-74.0120814
1821,40.4417743,-74.1298643
1822,40.30427780000001,-73.9923596
1823,40.3042773,-74.1004185
1824,40.2005472,-74.03141649999999
1825,51.1278758,1.3134027
1826,40.9831018,-74.9589405
1827,40.8923212,-74.47737750000002
1828,40.8539879,-74.8290555
1829,30.2240897,-92.0198427
1830,40.78593310000001,-74.7801645
1831,37.074461,22.430264
1832,40.6808726,-74.4310524
1833,41.6820897,-69.95976639999999
1834,40.6984348,-74.4015405
1835,39.926813,-75.0246312
1836,39.7697878,-74.887946
1837,39.5592848,-74.2431962
1838,52.52000659999999,13.404954
1839,36.135688,-95.91991159999999
1840,39.7997523,-75.2240549
1841,39.70289229999999,-75.1118422
1842,39.8915022,-75.03767069999999
1843,39.87733559999999,-75.0646165
1844,39.6365056,-74.8023853
1845,39.8519447,-74.961517
1846,39.695397,-74.2587527
1847,39.9526127,-74.9923915
1848,39.8912248,-74.9218324
1849,42.3265152,-122.8755949
1850,42.8311924,-83.5620926
1851,39.732892,-75.1315651
1852,39.8440027,-75.0226691
1853,39.6108492,-74.35726460000001
1854,39.7775775,-74.7351513
1855,40.7418156,-74.0000472
1856,42.7120196,-73.20368979999999
1857,41.3645382,-74.1059775
1858,39.9009465,-75.0846179
1859,39.9181686,-75.07128399999999
1860,39.9503838,-75.0479726
1861,39.9562052,-75.058009
1862,34.0703752,-84.276493
1863,38.9351125,-74.90600529999999
1864,38.9820569,-74.9579523
1865,37.09024,-95.712891
1866,39.0826135,-74.82377860000001
1867,33.7145965,-118.0008245
1868,39.3822537,-74.6166192
1869,36.16482999999999,-95.97591399999999
1870,38.9917797,-74.8148894
1871,39.4020596,-75.0393438
1872,39.4863773,-75.02596369999999
1873,39.3642834,-74.4229266
1874,40.1462213,-74.71182639999999
1875,40.1340316,-74.5236865
1876,37.3043154,-77.28720009999999
1877,40.3284402,-74.790718
1878,40.3439888,-74.6514481
1879,37.09024,-95.712891
1880,33.8536269,-118.1339563
1881,39.8398413,-74.19013989999999
1882,40.0831714,-74.0681931
1883,40.0912268,-74.0479146
1884,39.944285,-74.0729139
1885,39.9537358,-74.1979458
1886,39.7915084,-74.1951395
1887,40.5123258,-74.85933179999999
1888,40.5409367,-74.5876569
1889,36.1841843,-119.3318928
1890,40.5431598,-74.3632049
1891,27.9903597,-82.3017728
1892,42.467206,-71.2874209
1893,41.2306979,-73.064036
1894,46.5653163,-66.46191639999999
1895,34.6627652,-106.7761546
1896,35.30004,-106.5511369
1897,38.9652143,-94.6614972
1898,35.14726,-107.8514466
1899,34.9900503,-106.0491893
1900,35.2378197,-106.6066926
1901,35.0843859,-106.650422
1902,35.1619885,-106.6428038
1903,35.2327544,-106.6630437
1904,41.7360305,-72.79502699999999
1905,36.8222261,-107.9928455
1906,35.6869752,-105.937799
1907,36.207241,-106.3186397
1908,40.4137818,-3.6921271
1909,36.2075228,-105.9611318
1910,35.8800364,-106.3031138
1911,36.3021225,-106.0452736
1912,32.861623,-96.898349
1913,36.4072485,-105.5730665
1914,36.3930879,-105.2850091
1915,36.1706361,-96.2719547
1916,36.5844442,-94.4560083
1917,36.9033581,-104.4391532
1918,33.1284047,-107.2528069
1919,32.3199396,-106.7636538
1920,32.770075,-108.280326
1921,34.1861922,-103.3343978
1922,33.3942655,-104.5230242
1923,33.8658484,-118.0831212
1924,33.1580933,-117.3505939
1925,32.9440077,-103.3485543
1926,32.9573133,-105.7424855
1927,33.331523,-105.6088645
1928,40.7127753,-74.0059728
1929,40.5795317,-74.1502007
1930,40.8447819,-73.8648268
1931,41.7600902,-70.0827905
1932,41.0145418,-73.87263500000002
1933,41.0550969,-73.8201337
1934,40.94870969999999,-73.7326309
1935,41.1628731,-73.8615246
1936,41.2900939,-73.9204158
1937,40.9312099,-73.89874689999999
1938,40.9503764,-73.827356
1939,41.0634299,-73.95763780000001
1940,53.193392,-2.893075
1941,53.193392,-2.893075
1942,27.6648274,-81.5157535
1943,41.2074444,-73.99730890000001
1944,41.5623209,-72.6506488
1945,41.9085701,-87.6475478
1946,40.7186432,-74.0028098
1947,26.5957572,-82.1115119
1948,39.9444343,-75.55678209999999
1949,40.744679,-73.9485424
1950,46.1878841,-123.8312534
1951,40.6781784,-73.9441579
1952,40.7674987,-73.833079
1953,40.9792645,-74.11653129999999
1954,40.7282239,-73.7948516
1955,26.5416093,-78.64554749999999
1956,40.8623217,-73.6337389
1957,33.1958696,-117.3794834
1958,40.6789893,-73.4170673
1959,40.7250986,-73.2453946
1960,40.8991963,-73.3678388
1961,40.7325997,-73.4454009
1962,34.9022482,-110.1581768
1963,37.7422385,-97.23710039999999
1964,40.9009313,-73.3431727
1965,40.7893778,-73.5358541
1966,40.7659783,-73.01934299999999
1967,40.9253764,-73.0473284
1968,40.9464875,-73.0692732
1969,40.7062104,-73.3062302
1970,40.7580684,-73.5240738
1971,40.9170435,-72.66204019999999
1972,41.1034326,-72.3592501
1973,40.9912115,-72.53425469999999
1974,41.0359353,-71.9545146
1975,41.0478782,-72.4631413
1976,41.0681549,-72.3386939
1977,50.90970040000001,-1.4043509
1978,40.8093799,-72.6458277
1979,37.74358,-121.663109
1980,37.9838096,23.7275388
1981,42.0092908,-74.3821116
1982,35.937496,14.375416
1983,41.6820897,-69.95976639999999
1984,42.7742446,-73.70011869999999
1985,27.7635746,-97.4076327
1986,42.3556399,-73.90068409999999
1987,42.844668,-73.8183804
1988,43.0528506,-74.3437467
1989,34.85261759999999,-82.3940104
1990,42.6900752,-74.3829133
1991,42.9028547,-73.68734049999999
1992,42.59868700000001,-74.33291559999999
1993,25.0479835,-77.355413
1994,42.673664,-73.55941279999999
1995,42.4943071,-74.1709702
1996,42.7284117,-73.69178509999999
1997,42.6525793,-73.7562317
1998,42.8142432,-73.9395687
1999,37.09024,-95.712891
2000,41.7856489,-74.2290366
2001,41.7748155,-74.2982059
2002,29.7543972,-95.3616203
2003,41.7588883,-74.35733429999999
2004,42.20842080000001,-74.3865374
2005,41.5048158,-73.9695832
2006,45.0318802,-110.7057663
2007,36.75300319999999,-95.9347894
2008,36.75300319999999,-95.9347894
2009,41.5534267,-73.7956884
2010,41.240056,-81.44066699999999
2011,39.057294,-94.577597
2012,41.9537035,-73.51067909999999
2013,41.5034271,-74.0104178
2014,41.7475933,-74.0868095
2015,40.6733676,-74.00831889999999
2016,42.4387018,-71.3401284
2017,41.5964825,-73.91096999999999
2018,41.7003713,-73.9209701
2019,41.5270271,-74.88443269999999
2020,41.9003667,-74.82821670000001
2021,41.3750937,-74.692663
2022,42.4133505,-89.0092741
2023,43.3095164,-73.6440058
2024,43.2992389,-73.63511679999999
2025,43.353627,-73.6771662
2026,43.5677741,-73.6653939
2027,43.4142449,-73.48769589999999
2028,43.2310452,-73.5476338
2029,34.1430799,-118.4028581
2030,43.4261809,-73.71234079999999
2031,42.51954,-70.8967155
2032,43.0831301,-73.7845651
2033,43.8383684,-73.7618292
2034,44.6994873,-73.4529124
2035,41.4196835,-78.5453795
2036,44.5050479,-73.4801348
2037,44.2794911,-73.9798713
2038,-9.189967,-75.015152
2039,44.329496,-74.1312662
2040,44.2239488,-74.4640575
2041,39.0587452,-94.5985613
2042,32.6098566,-85.48078249999999
2043,43.15867859999999,-76.33270949999999
2044,43.0795121,-75.7507413
2045,42.9300668,-75.85269149999999
2046,37.0895252,-95.71193219999999
2047,42.6011813,-76.1804843
2048,42.4909053,-76.2971553
2049,42.5139608,-76.3466014
2050,42.6112018,-71.5745152
2051,42.6653487,-76.6166113
2052,43.0581768,-75.96954649999999
2053,33.95260200000001,-84.5499327
2054,43.4553461,-76.5104973
2055,42.8989556,-76.0160326
2056,42.9106219,-76.7966215
2057,42.7981229,-76.1093695
2058,44.875412,-93.326211
2059,43.048677,-76.5627197
2060,43.0481221,-76.14742439999999
2061,43.1347897,-76.1299238
2062,40.789934,-73.814089
2063,42.7006303,-74.92432099999999
2064,37.0148298,-95.6156498
2065,43.2417364,-75.2568337
2066,43.0150703,-75.0354347
2067,43.786736,-75.4918505
2068,42.8986791,-75.6401825
2069,42.977013,-75.586846
2070,43.7100885,-74.9734809
2071,41.9027835,12.4963655
2072,45.4644612,-93.7298983
2073,43.100903,-75.232664
2074,42.3709299,-71.1828321
2075,44.05804819999999,-75.7487779
2076,44.12782989999999,-76.33300059999999
2077,44.8489423,-75.08076249999999
2078,38.6425518,-90.32372629999999
2079,44.33672809999999,-75.462993
2080,45.0108067,-74.5781227
2081,43.9461707,-76.1190929
2082,41.5236437,-90.5776367
2083,42.5531918,-70.8408093
2084,36.3134397,-82.3534727
2085,42.4528571,-75.0637746
2086,42.1034075,-76.2621549
2087,42.1642427,-75.83352649999999
2088,42.3618503,-75.3178952
2089,42.09868669999999,-75.91797380000001
2090,42.982216,-78.5770812
2091,42.7678376,-78.6133589
2092,53.5510846,9.9936819
2093,46.4004089,-117.001189
2094,41.5894752,-88.05783699999999
2095,42.7050607,-78.4483532
2096,37.0404423,-95.6406409
2097,42.88644679999999,-78.8783689
2098,42.963947,-78.73780909999999
2099,42.9071477,-78.7542892
2100,36.10512,-95.913989
2101,43.2136713,-77.9391797
2102,42.887535,-77.2816984
2103,41.7360305,-72.79502699999999
2104,42.5608999,-77.696106
2105,43.0986742,-77.44193779999999
2106,46.2043907,6.1431577
2107,37.0891604,-95.7131979
2108,40.8067546,-74.1854209
2109,42.9522855,-77.5902759
2110,39.001392,-95.0391356
2111,42.36837,-83.35270969999999
2112,53.4807593,-2.2426305
2113,43.0058618,-84.3716438
2114,43.1303407,-77.475551
2115,42.6609026,-77.0538577
2116,36.2894855,-97.28809830000002
2117,36.1298552,-96.36193689999999
2118,43.0789942,-77.5275463
2119,43.18645009999999,-77.8038972
2120,42.9825633,-77.4088794
2121,52.2296756,21.0122287
2122,43.15657789999999,-77.6088465
2123,42.16172419999999,-79.3917144
2124,42.2750639,-78.67280710000001
2125,33.8536269,-118.1339563
2126,42.2525629,-78.80558959999999
2127,43.4941611,-88.5448237
2128,42.083639,-78.42992699999999
2129,43.6424036,-79.38597159999999
2130,37.783733,-122.4068808
2131,42.4200726,-76.84884629999999
2132,42.00840729999999,-76.6238369
2133,42.1453767,-77.0558823
2134,56.462018,-2.970721
2135,42.4078495,-77.22358729999999
2136,37.09024,-95.712891
2137,42.5897928,-76.9549633
2138,42.3278477,-77.6611025
2139,46.6863481,7.863204899999999
2140,42.4439614,-76.5018807
2141,38.1341477,-121.2722194
2142,42.732535,-84.5555347
2143,42.0436813,-77.5460982
2144,42.5422939,-76.6660589
2145,42.3806287,-76.8732921
2146,42.12573,-77.9053182
2147,42.0897965,-76.8077338
2148,36.0215258,-80.3819984
2149,33.046233,-96.994174
2150,36.4993007,-80.6072858
2151,36.09985959999999,-80.244216
2152,36.09985959999999,-80.244216
2153,35.7079146,-79.8136446
2154,40.4753327,-75.6252952
2155,36.135688,-95.91991159999999
2156,35.9556923,-80.0053176
2157,37.2116383,-76.7752102
2158,36.1198588,-80.07365329999999
2159,36.0959715,-79.2669619
2160,35.7201463,-79.1772371
2161,48.0911416,-96.1954341
2162,35.9473614,-79.321962
2163,36.0712466,-79.5644686
2164,36.0726354,-79.7919754
2165,35.5071044,-78.7391813
2166,37.036065,-95.628906
2167,35.9101438,-79.0752895
2168,35.79154,-78.7811169
2169,35.9131996,-79.0558445
2170,38.6425518,-90.32372629999999
2171,35.5843235,-78.80001279999999
2172,35.6512655,-78.8336218
2173,37.2741908,-97.1689296
2174,36.3937519,-78.982788
2175,41.2082645,-95.9611946
2176,36.1340985,-80.2778951
2177,35.7795897,-78.6381787
2178,35.9940329,-78.898619
2179,35.9382103,-77.7905339
2180,37.3020965,-78.3919401
2181,34.85261759999999,-82.3940104
2182,35.8968236,-77.5358049
2183,35.5946041,-77.6969203
2184,37.0404423,-95.6406409
2185,36.2946008,-76.2510461
2186,36.2868223,-76.98468079999999
2187,36.3802879,-75.8307777
2188,35.3894973,-97.5296803
2189,36.0307226,-75.6760101
2190,35.9082256,-75.67573019999999
2191,35.1146152,-75.9810097
2192,36.1328981,-86.7940699
2193,37.9779776,-122.0310733
2194,35.4868032,-80.86007359999999
2195,32.7766642,-96.79698789999999
2196,35.262082,-81.18730049999999
2197,40.0633019,-105.4096183
2198,40.2731911,-76.8867008
2199,35.410694,-80.84285040000002
2200,38.8556338,-94.7954035
2201,35.473745,-81.2545251
2202,37.09024,-95.712891
2203,35.5859146,-80.8081413
2204,35.3692877,-81.9567716
2205,38.3606736,-75.5993692
2206,36.07195710000001,-115.1792245
2207,34.9245935,-80.7434019
2208,35.2270869,-80.8431267
2209,35.0526641,-78.87835849999999
2210,57.149717,-2.094278
2211,34.9704419,-78.9453056
2212,35.1954345,-79.4694767
2213,35.1740471,-79.3922539
2214,34.2103894,-77.8868117
2215,34.0351726,-77.8935966
2216,34.4271121,-77.5460805
2217,33.921563,-78.02026769999999
2218,33.8943393,-78.426672
2219,33.9732275,-78.3858371
2220,35.2626635,-77.5816353
2221,34.7229391,-76.7260436
2222,35.108493,-77.04411429999999
2223,41.4901024,-71.3128285
2224,36.2925994,-95.838866
2225,35.7344538,-81.3444573
2226,36.2109584,-81.8890031
2227,36.1631817,-81.8715019
2228,36.135129,-81.6776059
2229,36.216795,-81.6745517
2230,32.4315813,-80.6698286
2231,36.2443012,-80.8484043
2232,48.0839895,-121.968742
2233,35.7454071,-81.6848188
2234,35.7826363,-80.8872959
2235,36.4037364,-81.4928829
2236,38.6015384,-121.4273592
2237,38.6015384,-121.4273592
2238,35.6178951,-82.3212302
2239,35.2334472,-82.7342919
2240,35.4309291,-83.4473809
2241,44.7677424,-93.27772259999999
2242,38.3861194,-97.4280895
2243,34.1161551,-84.56422889999999
2244,37.05370440000001,-95.6540697
2245,35.4306712,-82.5012316
2246,37.09024,-95.712891
2247,35.3187279,-82.4609528
2248,36.75300319999999,-95.9347894
2249,35.4278969,-82.2048343
2250,42.033279,-91.5968958
2251,36.0674332,-95.774913
2252,39.9399033,-111.5706786
2253,35.2533327,-82.6835888
2254,35.2533327,-82.6835888
2255,37.6649636,-97.324676
2256,35.9154007,-82.06456109999999
2257,35.3737111,-83.22598029999999
2258,35.2081694,-82.2384479
2259,35.4887145,-82.98874769999999
2260,35.6970547,-82.5606851
2261,35.5950581,-82.5514869
2262,37.5712226,-77.47741769999999
2263,37.09024,-95.712891
2264,35.0462003,-83.81795269999999
2265,36.74027530000001,-95.9346363
2266,40.1302338,-111.5785281
2267,46.8769487,-96.89990569999999
2268,46.8771863,-96.7898034
2269,47.9252568,-97.0328547
2270,46.8083268,-100.7837392
2271,46.8266603,-100.8895761
2272,48.2329668,-101.2922906
2273,47.8022412,-103.2832467
2274,38.8048355,-77.0469214
2275,39.9336753,-82.4723781
2276,38.9108325,-75.52766989999999
2277,34.1430799,-118.4028581
2278,40.32674069999999,-78.9219698
2279,40.1983884,-83.0100987
2280,48.0517637,-122.1770818
2281,38.707982,-77.0861753
2282,40.735657,-74.1723667
2283,40.0228421,-82.44459909999999
2284,44.7538408,-108.7573525
2285,40.1266689,-82.9318807
2286,39.8466556,-82.8123646
2287,32.9403702,-97.17380449999999
2288,39.88145189999999,-83.0929644
2289,40.0378755,-76.3055144
2290,42.3656132,-71.0095602
2291,39.8842304,-82.7535049
2292,41.7614181,-88.443686
2293,39.9611755,-82.99879419999999
2294,51.5049822,-0.1265712
2295,40.3611643,-83.7596557
2296,42.2486332,-88.6084269
2297,41.3797788,-83.6300826
2298,41.5969932,-82.7101823
2299,41.5119954,-82.93769189999999
2300,41.58532779999999,-82.836855
2301,41.6542158,-82.8207429
2302,30.6743643,-96.3699632
2303,41.2844933,-84.3557802
2304,42.9633599,-85.6680863
2305,40.7580684,-73.5240738
2306,52.132633,5.291265999999999
2307,41.5628294,-83.65382439999999
2308,38.2188244,-78.1684568
2309,29.955846,-90.06518609999999
2310,34.2234294,-92.03258269999999
2311,41.5492182,-84.14161469999999
2312,41.6528052,-83.5378674
2313,39.9403453,-82.0131924
2314,52.205337,0.121817
2315,40.2720151,-81.8595756
2316,36.7377981,-119.7871247
2317,36.5270612,-6.2885962
2318,32.6789285,-97.0552733
2319,40.1825712,-80.6911904
2320,41.8650534,-80.7898089
2321,36.10512,-95.913989
2322,37.568694,-84.2963223
2323,41.4298516,-81.3910999
2324,41.3683798,-82.10764859999999
2325,46.2043907,6.1431577
2326,41.452819,-82.1823746
2327,43.0730517,-89.4012302
2328,41.6661573,-81.339552
2329,41.4156025,-81.9234726
2330,41.6397696,-81.4065011
2331,41.49932,-81.6943605
2332,33.8536269,-118.1339563
2333,41.4768217,-81.8497567
2334,41.5200518,-81.556235
2335,41.3614401,-81.812912
2336,41.3144966,-81.83569
2337,34.062412,-118.333794
2338,41.012833,-81.6051221
2339,31.1499528,-81.49148939999999
2340,41.1339449,-81.48455849999999
2341,41.1595005,-81.44038979999999
2342,41.2842224,-81.0964856
2343,41.240056,-81.44066699999999
2344,41.1536674,-81.3578859
2345,24.5246542,39.5691841
2346,41.0256101,-81.72985190000001
2347,41.0814447,-81.51900529999999
2348,40.88839309999999,-80.69396429999999
2349,42.6011813,-76.1804843
2350,41.0995019,-80.9703684
2351,38.7222524,-9.1393366
2352,37.09024,-95.712891
2353,41.0997803,-80.6495194
2354,41.1017247,-80.7645239
2355,51.1278758,1.3134027
2356,40.9636685,-81.3312195
2357,40.7967244,-81.52150929999999
2358,40.5545071,-81.91791979999999
2359,39.1214168,-77.1775337
2360,40.4947869,-81.2428843
2361,40.8050565,-81.935143
2362,38.3861194,-97.4280895
2363,40.875891,-81.4023356
2364,40.8686675,-82.3182178
2365,38.8026097,-116.419389
2366,41.4561754,-82.71168209999999
2367,41.1144992,-83.1779746
2368,32.5631924,-97.1416768
2369,37.0148298,-95.6156498
2370,41.1408363,-73.2612615
2371,37.09024,-95.712891
2372,41.5623209,-72.6506488
2373,37.09024,-95.712891
2374,39.5522815,-84.2332718
2375,40.2205824,-74.759717
2376,39.9606643,-75.6054882
2377,39.9606643,-75.6054882
2378,40.3977612,-105.0749801
2379,41.2306979,-73.064036
2380,33.5831662,-84.33936829999999
2381,39.0275659,-83.91965200000001
2382,37.2707022,-76.7074571
2383,34.2103894,-77.8868117
2384,39.1031182,-84.5120196
2385,39.2320029,-84.3782734
2386,39.7092262,-84.06326849999999
2387,42.1417641,-71.3967256
2388,39.6428362,-84.2866083
2389,39.8906122,-84.1988308
2390,48.8048649,2.1203554
2391,39.6847822,-83.9296526
2392,39.8064486,-83.88687399999999
2393,39.7589478,-84.1916069
2394,39.843947,-84.12466080000002
2395,39.6283928,-84.15938179999999
2396,37.2089572,-93.29229889999999
2397,38.9085998,-76.997517
2398,37.0328728,-95.6316455
2399,43.0717552,-70.7625532
2400,37.9838096,23.7275388
2401,33.95260200000001,-84.5499327
2402,40.7738985,-73.9079891
2403,33.3245586,-96.7844417
2404,41.9403263,-85.00052149999999
2405,41.04422,-83.6499321
2406,40.4076633,-84.4838865
2407,35.6528323,-97.47809540000002
2408,35.052565,-97.93643259999999
2409,35.2225668,-97.4394777
2410,35.4675602,-97.5164276
2411,35.3395079,-97.48670279999999
2412,37.6583364,-97.30584239999999
2413,36.060949,-95.7974526
2414,45.056004,-92.80884429999999
2415,36.1539816,-95.99277500000001
2416,36.3084275,-95.31691359999999
2417,35.7478769,-95.3696909
2418,34.9278748,-95.71582210000001
2419,36.706981,-97.0855948
2420,34.0292764,-94.7391045
2421,45.4887993,-122.8013332
2422,45.6698392,-121.8906355
2423,45.2023855,-122.1188945
2424,45.2944367,-122.3338032
2425,45.3040072,-121.7547998
2426,45.5098388,-122.4347334
2427,45.7053966,-121.5214623
2428,45.4156817,-122.7159726
2429,45.5198391,-121.5967417
2430,45.3363593,-122.6048473
2431,45.8589719,-122.8212299
2432,40.5649781,-111.8389726
2433,45.5945645,-121.1786823
2434,45.5396297,-122.3920584
2435,45.3779317,-122.7819595
2436,45.3707677,-122.6228367
2437,45.3029903,-122.7726501
2438,46.1878841,-123.8312534
2439,37.034678,-95.6590104
2440,45.8917738,-123.9615274
2441,56.462018,-2.970721
2442,45.5263514,-123.1208596
2443,45.5200114,-122.9365835
2444,45.21011619999999,-123.1987163
2445,45.3064628,-122.9469406
2446,33.6550605,-117.9978172
2447,30.3216504,-86.1429286
2448,45.3562638,-122.8402122
2449,45.4562158,-123.8440137
2450,45.5154586,-122.6793461
2451,45.4465323,-122.6323315
2452,45.4186798,-122.7872599
2453,42.51954,-70.8967155
2454,42.6525793,-73.7562317
2455,44.3818831,-123.5970325
2456,44.5645659,-123.2620435
2457,44.8084467,-124.0631713
2458,39.0911161,-94.41550679999999
2459,33.854721,35.862285
2460,45.0678986,-122.8000917
2461,41.4901024,-71.3128285
2462,44.95816440000001,-124.0178914
2463,44.540121,-123.3676014
2464,44.4971754,-124.0826621
2465,37.811941,-107.6645057
2466,44.8814151,-124.034593
2467,44.0520691,-123.0867536
2468,43.1189978,-124.408448
2469,38.9090159,-77.04055579999999
2470,43.3665007,-124.2178903
2471,43.7695604,11.2558136
2472,42.4073334,-124.4217741
2473,36.0103561,-84.26964490000002
2474,43.7023389,-124.0967779
2475,43.216505,-123.3417381
2476,37.2089572,-93.29229889999999
2477,35.2204108,-97.4441858
2478,44.31123119999999,-124.1048418
2479,42.3265152,-122.8755949
2480,40.8686675,-82.3182178
2481,42.1628912,-123.6481235
2482,42.4390069,-123.3283925
2483,42.224867,-121.7816704
2484,44.0581728,-121.3153096
2485,47.6739881,-122.121512
2486,43.8693935,-121.4333539
2487,43.5862606,-119.0541032
2488,37.2412619,-95.7034499
2489,44.2998485,-120.8344664
2490,37.1948715,-95.7236008
2491,36.132395,-95.965205
2492,44.7748748,-117.8343848
2493,45.83985500000001,-119.7005834
2494,37.223958,-95.73042769999999
2495,45.8404101,-119.2894604
2496,37.09024,-95.712891
2497,45.3245771,-118.0877188
2498,45.9326346,-118.3877435
2499,51.253775,-85.323214
2500,40.7520097,-80.31922949999999
2501,40.3820132,-80.3928423
2502,50.4108095,4.444643
2503,45.0655212,-93.2018908
2504,40.5697892,-79.7647705
2505,37.7665947,-120.8471545
2506,42.3497948,-71.2250533
2507,40.4034024,-79.8683824
2508,49.3987524,8.6724335
2509,40.5184013,-80.1667247
2510,37.09024,-95.712891
2511,40.4656244,-80.0656106
2512,40.3797913,-79.8094916
2513,36.18674420000001,-94.1288141
2514,40.44062479999999,-79.9958864
2515,40.4945131,-79.9264405
2516,40.3647917,-80.02227529999999
2517,47.7510741,-120.7401385
2518,40.2625702,-80.18727969999999
2519,39.900076,-79.71643259999999
2520,38.6800181,-93.092979
2521,41.3931096,-81.5365094
2522,52.52000659999999,13.404954
2523,40.3014581,-79.5389289
2524,36.178369,-94.285045
2525,40.4131233,-79.57032009999999
2526,40.4181235,-79.6255989
2527,40.3245138,-79.70115489999999
2528,40.3211808,-79.37948109999999
2529,40.2671941,-86.1349019
2530,44.2656316,-88.4728583
2531,37.8416252,-122.1098786
2532,40.32674069999999,-78.9219698
2533,40.4850717,-78.7247426
2534,37.09024,-95.712891
2535,37.3255295,-95.457796
2536,37.0901287,-95.71505820000002
2537,33.9407361,-84.36151319999999
2538,40.7241094,-79.7565197
2539,41.0639506,-80.0564468
2540,40.7945096,-80.1367271
2541,41.0036719,-80.34700900000001
2542,26.3017374,-98.1633432
2543,34.85261759999999,-82.3940104
2544,39.88145189999999,-83.0929644
2545,37.2116383,-76.7752102
2546,35.1998023,-87.0308412
2547,41.2147851,-79.3853218
2548,41.7557599,-87.73661849999999
2549,37.09024,-95.712891
2550,41.6414438,-80.15144839999999
2551,42.833014,-108.7306725
2552,28.6122187,-80.8075537
2553,36.3012519,-95.8201852
2554,41.3896611,-79.8296743
2555,42.12922409999999,-80.085059
2556,40.5186809,-78.3947359
2557,40.4234058,-78.433903
2558,42.6039333,-87.85439079999999
2559,36.740068,-95.9692965
2560,40.7933949,-77.8600012
2561,45.0818952,-93.37988159999999
2562,38.9226843,-77.0194377
2563,40.8909008,-77.4766585
2564,41.74868379999999,-77.3005304
2565,32.5631924,-97.1416768
2566,40.3295359,-76.51524429999999
2567,40.23981180000001,-76.9199742
2568,40.2010241,-77.20027449999999
2569,40.1109255,-77.034978
2570,37.7030646,-85.8649408
2571,40.2900885,-76.9338636
2572,40.2859239,-76.65024679999999
2573,40.2653681,-76.7083033
2574,47.0624732,-109.428238
2575,33.854721,35.862285
2576,40.2132692,-77.0080309
2577,41.5623209,-72.6506488
2578,41.4901024,-71.3128285
2579,40.3089798,-76.5933012
2580,40.2731911,-76.8867008
2581,39.9375911,-77.6611022
2582,39.8864869,-76.9847013
2583,39.9303715,-77.2480391
2584,39.8995444,-76.6402452
2585,39.727882,-76.4519078
2586,39.8309293,-77.2310955
2587,36.0968656,-95.91883650000001
2588,39.7378811,-76.7013609
2589,42.4436308,-88.23647749999999
2590,40.1109277,-76.7158012
2591,53.95996510000001,-1.0872979
2592,40.0387098,-76.18217709999999
2593,37.09024,-95.712891
2594,40.10009609999999,-76.35412649999999
2595,40.1798165,-76.17883909999999
2596,40.1573169,-76.3069014
2597,37.6767409,-97.22516
2598,33.95260200000001,-84.5499327
2599,40.109818,-76.50329959999999
2600,37.09024,-95.712891
2601,40.0378755,-76.3055144
2602,41.2411897,-77.00107860000001
2603,40.862585,-76.79441039999999
2604,41.003698,-76.4549457
2605,37.8215929,-121.9999606
2606,34.0043555,-84.6568508
2607,40.917582,-77.0477501
2608,40.7989735,-76.8621935
2609,40.7889746,-76.5588473
2610,40.6515135,-76.4977208
2611,44.8016128,-68.7712257
2612,31.7053821,35.2024425
2613,40.5393961,-75.631484
2614,40.6548191,-75.4746273
2615,40.0530885,-82.9151849
2616,40.5395421,-75.4968502
2617,40.57954369999999,-75.34073459999999
2618,32.699635,35.303546
2619,40.6022939,-75.4714098
2620,40.9920285,-76.0565946
2621,40.7973112,-75.9693707
2622,41.2306979,-73.064036
2623,41.0123174,-75.1107332
2624,40.9867609,-75.1946248
2625,43.1424151,-77.6119478
2626,41.0398099,-75.3057288
2627,37.7272727,-89.2167501
2628,46.8807932,-96.31673090000001
2629,41.5767552,-75.25878709999999
2630,55.755826,37.6172999
2631,53.1355091,-57.6604364
2632,40.3880528,-80.0786359
2633,41.4800379,-75.5774983
2634,55.770242,-2.005395
2635,32.7766642,-96.79698789999999
2636,41.3259134,-75.78936039999999
2637,41.1531388,-76.15020779999999
2638,41.5386878,-75.94658799999999
2639,41.2459149,-75.88130749999999
2640,38.4783198,-107.8761738
2641,35.291162,-99.64009689999999
2642,40.3101063,-75.1298939
2643,42.1194843,-75.8935255
2644,40.2884395,-75.2090623
2645,40.36427279999999,-74.9512785
2646,40.372048,-75.29267600000001
2647,40.4259686,-75.1393428
2648,40.4417682,-75.3415667
2649,40.1545535,-75.22156509999999
2650,40.0067785,-75.2854622
2651,40.1379904,-75.07279559999999
2652,36.515694,-82.25696669999999
2653,40.0230237,-75.3151772
2654,39.86481939999999,-75.4257325
2655,51.376165,-0.098234
2656,40.1742757,-75.10683879999999
2657,39.9167783,-75.387693
2658,42.8986791,-75.6401825
2659,39.9525839,-75.1652215
2660,41.85058739999999,-87.7936685
2661,39.9831616,-75.8238355
2662,40.0064958,-75.7032742
2663,40.0325817,-75.6274583
2664,39.9016273,-75.5103484
2665,40.0942664,-75.9113306
2666,39.8467767,-75.7116032
2667,52.1366184,-2.3199774
2668,37.2741908,-97.1689296
2669,39.9594013,-75.91684819999999
2670,39.9606643,-75.6054882
2671,37.028653,-94.519261
2672,41.1792258,-73.1894384
2673,40.0880028,-75.39142389999999
2674,40.1856597,-75.451571
2675,40.0792766,-75.3015714
2676,40.2795476,-75.3871206
2677,40.27982739999999,-75.2993417
2678,40.2414952,-75.2837862
2679,53.0711149,-3.8080783
2680,40.1303822,-75.51491279999999
2681,40.2453741,-75.6496302
2682,40.1842688,-75.5379639
2683,40.222882,-75.3987889
2684,40.1767688,-75.5476876
2685,-25.0662897,-130.1004636
2686,40.3337075,-75.63740829999999
2687,40.2581117,-75.7262916
2688,53.5510846,9.9936819
2689,40.5173165,-75.7774177
2690,51.4542645,-0.9781303
2691,40.33370379999999,-75.9474322
2692,41.1616556,-71.5842643
2693,41.6342619,-71.51304449999999
2694,50.718412,-3.533899
2695,41.4901024,-71.3128285
2696,41.5623209,-72.6506488
2697,41.5568315,-71.4536835
2698,41.878711,-71.38255579999999
2699,43.0717552,-70.7625532
2700,42.5039395,-71.0723391
2701,41.7001009,-71.4161671
2702,41.3775987,-71.82728709999999
2703,41.4833962,-71.5532291
2704,42.00287609999999,-71.51478390000001
2705,41.8239891,-71.4128343
2706,41.7798226,-71.4372796
2707,33.96570910000001,-81.0739827
2708,38.0405837,-84.5037164
2709,37.09024,-95.712891
2710,34.9495672,-81.9320482
2711,35.254292,-81.6670407
2712,35.254292,-81.6670407
2713,32.7764749,-79.93105120000001
2714,32.8771106,-80.0130514
2715,32.7177248,-80.0646682
2716,32.8323225,-79.82842579999999
2717,33.0185039,-80.17564809999999
2718,43.7695604,11.2558136
2719,33.6890603,-78.8866943
2720,33.4332236,-79.12143130000001
2721,34.85261759999999,-82.3940104
2722,37.09024,-95.712891
2723,39.6136578,-86.10665259999999
2724,34.9387279,-82.2270568
2725,34.6423372,-82.4559598
2726,34.7370639,-82.25428339999999
2727,36.12291829999999,-97.0722854
2728,34.9676167,-82.4434548
2729,35.0073697,-80.94507589999999
2730,40.0378755,-76.3055144
2731,34.9248667,-81.02507840000001
2732,33.5604168,-81.7195533
2733,32.2371465,-80.8603868
2734,32.216316,-80.752608
2735,32.4284761,-90.1323087
2736,38.9090159,-77.04055579999999
2737,36.097897,-95.8526426
2738,38.1915856,-120.8291033
2739,42.87110879999999,-97.39728129999999
2740,43.5473028,-96.728333
2741,42.3709299,-71.1828321
2742,57.149717,-2.094278
2743,44.0805434,-103.2310149
2744,43.755897,-103.4514511
2745,43.9324855,-103.575193
2746,34.5037004,-93.0551795
2747,36.8710882,-94.87620969999999
2748,44.4908172,-103.8593697
2749,44.4097069,-103.5090786
2750,36.5297706,-87.3594528
2751,36.4508117,-86.5365329
2752,37.09024,-95.712891
2753,35.3187279,-82.4609528
2754,35.8456213,-86.39027
2755,35.9522852,-86.6694413
2756,39.4944819,-74.4606226
2757,36.1626638,-86.7816016
2758,40.7551642,-73.6486571
2759,39.7589478,-84.1916069
2760,35.3620235,-86.20943419999999
2761,35.0456297,-85.3096801
2762,40.3470543,-74.0643065
2763,36.3134397,-82.3534727
2764,36.515694,-82.25696669999999
2765,36.2942722,-82.4734787
2766,36.548434,-82.5618186
2767,34.0633968,-93.0822659
2768,35.714259,-83.5101638
2769,50.828179,-0.328092
2770,38.644986,-90.504679
2771,36.0939783,-96.04533769999999
2772,35.7884241,-83.55433289999999
2773,35.9606384,-83.9207392
2774,41.71714799999999,-90.2985734
2775,35.1495343,-90.0489801
2776,48.856614,2.3522219
2777,37.0328728,-95.6316455
2778,37.09024,-95.712891
2779,36.162839,-85.5016423
2780,37.074461,22.430264
2781,32.96179,-96.82916850000001
2782,33.1031744,-96.67055030000002
2783,40.0734008,-82.52290479999999
2784,33.0198431,-96.6988856
2785,32.93123360000001,-96.4597089
2786,33.1506744,-96.82361159999999
2787,32.912624,-96.63888329999999
2788,33.046233,-96.994174
2789,32.8140177,-96.9488945
2790,33.1972465,-96.6397822
2791,32.9483335,-96.7298519
2792,32.9029017,-96.56388
2793,33.6356618,-96.6088805
2794,33.0151201,-96.5388789
2795,32.3204226,-96.2130315
2796,32.3865312,-96.8483311
2797,32.9751204,-96.3324817
2798,32.7766642,-96.79698789999999
2799,32.9265137,-96.89611509999999
2800,34.85261759999999,-82.3940104
2801,33.1384479,-95.6010668
2802,34.3807012,-81.0864776
2803,33.425125,-94.04768820000001
2804,32.5007037,-94.74048909999999
2805,38.0279762,-121.8846806
2806,32.3512601,-95.30106239999999
2807,37.9838096,23.7275388
2808,31.1268496,-95.4454992
2809,31.6035129,-94.6554874
2810,38.8816208,-77.09098089999999
2811,32.7142988,-97.1564001
2812,41.3931096,-81.5365094
2813,32.4420826,-97.7941967
2814,32.9342919,-97.0780654
2815,32.5631924,-97.1416768
2816,32.5631924,-97.1416768
2817,32.7626286,-97.6505822
2818,32.7554883,-97.3307658
2819,33.2148412,-97.13306829999999
2820,29.6516344,-82.32482619999999
2821,37.0814002,-94.47678119999999
2822,32.9341893,-97.229298
2823,33.9137085,-98.4933873
2824,36.3603081,-94.18203319999999
2825,37.0421218,-95.62739719999999
2826,31.0560132,-97.46445299999999
2827,36.1777477,-95.85796669999999
2828,30.9471278,-97.53862040000001
2829,37.032066,-95.63451599999999
2830,31.549333,-97.1466695
2831,45.6723426,-121.2684056
2832,31.1957234,-98.718098
2833,31.4637723,-100.4370375
2834,41.7775291,-88.24284759999999
2835,29.7604267,-95.3698028
2836,30.3118769,-95.45605119999999
2837,30.0575359,-95.19029859999999
2838,37.09024,-95.712891
2839,32.3792233,-86.3077368
2840,43.6316876,-79.395972
2841,30.0971621,-95.6160549
2842,37.09024,-95.712891
2843,29.99883119999999,-95.26215529999999
2844,37.5407246,-77.4360481
2845,29.9502253,-96.2571858
2846,32.5259976,-92.11574759999999
2847,33.8169366,-118.0368507
2848,29.6185669,-95.5377215
2849,29.7857853,-95.8243956
2850,34.1477849,-118.1445155
2851,29.4238472,-95.24410089999999
2852,46.8791756,-102.7896242
2853,29.3013479,-94.7976958
2854,29.5635666,-95.2860474
2855,29.9913244,-93.9585067
2856,30.6743643,-96.3699632
2857,30.1668828,-96.39774419999999
2858,30.627977,-96.3344068
2859,28.6683252,-97.38832649999999
2860,28.6149968,-96.6260892
2861,29.4291304,-97.1705425
2862,41.89206129999999,-87.6238264
2863,29.79466409999999,-98.7319703
2864,30.0474332,-99.1403189
2865,29.7908472,-95.5446297
2866,37.3399408,-95.2230683
2867,29.7030024,-98.1244531
2868,29.5688411,-97.9647269
2869,29.4241219,-98.49362819999999
2870,27.8005828,-97.39638099999999
2871,26.2034071,-98.23001239999999
2872,37.0391825,-95.61429919999999
2873,26.1947962,-98.1836216
2874,26.1595194,-97.9908366
2875,26.1118401,-97.16812569999999
2876,30.7437957,-98.0555763
2877,30.0979862,-98.4214095
2878,30.0817231,-97.8428927
2879,30.505198,-97.8202888
2880,37.5851473,-121.6997774
2881,30.123275,-98.0315889
2882,30.1902067,-98.0866781
2883,30.2752011,-98.8719843
2884,38.9076089,-77.07225849999999
2885,36.3134397,-82.3534727
2886,30.6649119,-97.9225161
2887,29.8849441,-97.6699996
2888,30.5782446,-98.2728003
2889,30.267153,-97.7430608
2890,30.5082551,-97.678896
2891,29.8832749,-97.9413941
2892,29.9974362,-98.0986204
2893,35.2219971,-101.8312969
2894,33.5778631,-101.8551665
2895,32.4487364,-99.73314390000002
2896,31.9114925,-106.6002687
2897,37.64225,-92.65679999999999
2898,31.7618778,-106.4850217
2899,41.0602216,-111.9710529
2900,40.6110589,-111.8999353
2901,40.6460622,-111.4979729
2902,40.53077760000001,-112.29828
2903,40.4555157,-109.5287479
2904,40.7607793,-111.8910474
2905,40.7607793,-111.8910474
2906,41.223,-111.9738304
2907,39.6841304,-110.8546053
2908,38.5733155,-109.5498395
2909,40.1652335,-111.6107526
2910,37.67747689999999,-113.0618931
2911,36.18674420000001,-94.1288141
2912,37.0965278,-113.5684164
2913,43.6489596,-72.3192579
2914,43.6199134,-72.6653771
2915,42.3917638,-71.0328284
2916,52.6308859,1.297355
2917,36.7179315,-95.9344902
2918,36.063095,-95.8830881
2919,37.2089572,-93.29229889999999
2920,26.1003654,-80.3997748
2921,42.8781345,-73.1967741
2922,42.8509152,-72.5578678
2923,30.3321838,-81.65565099999999
2924,36.135688,-95.91991159999999
2925,44.4669941,-73.1709604
2926,44.491438,-73.1856832
2927,36.515694,-82.25696669999999
2928,51.895927,0.8918740000000001
2929,44.4905433,-73.11122069999999
2930,44.3292199,-73.11067899999999
2931,38.2775702,-85.7371847
2932,37.5407246,-77.4360481
2933,44.8107132,-73.0835582
2934,44.8107132,-73.0835582
2935,44.3806065,-73.227626
2936,44.1672771,-73.2540111
2937,42.5792583,-71.4378411
2938,48.1469683,-103.6179745
2939,36.1074489,-95.9751306
2940,39.057294,-94.577597
2941,42.8986791,-75.6401825
2942,44.4582983,-93.161604
2943,44.4654332,-72.6874023
2944,44.1926386,-72.7798479
2945,41.5581525,-73.0514965
2946,43.6106237,-72.9726065
2947,27.937801,-82.2859247
2948,43.6167676,-72.8013062
2949,44.0153371,-73.16734
2950,44.4192627,-72.0151184
2951,37.8215929,-121.9999606
2952,44.5489591,-72.26042199999999
2953,41.4901024,-71.3128285
2954,44.64144170000001,-71.978707
2955,38.9756745,-77.6418724
2956,38.7509488,-77.47526669999999
2957,38.8403909,-77.42887689999999
2958,39.1367717,-77.7147153
2959,45.5200114,-122.9365835
2960,39.1112168,-77.8338839
2961,39.0227452,-77.49047829999999
2962,18.4586788,-78.0113059
2963,38.9145894,-77.921857
2964,39.0437567,-77.4874416
2965,38.8942786,-77.43109919999999
2966,29.6516344,-82.32482619999999
2967,37.09024,-95.712891
2968,38.9531162,-77.45653879999999
2969,38.9695545,-77.3860976
2970,39.1156615,-77.56360149999999
2971,39.0832176,-77.4793641
2972,38.7134516,-77.7952712
2973,38.9586307,-77.35700279999999
2974,38.84622359999999,-77.30637329999999
2975,38.88233400000001,-77.1710914
2976,38.704282,-77.2277603
2977,38.9338676,-77.1772604
2978,48.2081743,16.3738189
2979,40.5575986,-74.2846022
2980,38.68789400000001,-77.29776180000002
2981,38.8816208,-77.09098089999999
2982,38.8048355,-77.0469214
2983,30.2752011,-98.8719843
2984,38.2545737,-76.963583
2985,38.0951317,-76.8274644
2986,38.204165,-77.6077865
2987,38.4220687,-77.4083086
2988,39.1856597,-78.1633341
2989,38.9181671,-78.1944446
2990,41.5623209,-72.6506488
2991,38.9887199,-78.358616
2992,42.0409247,-74.1181971
2993,38.4729632,-77.9962512
2994,38.5017919,-77.8936061
2995,43.0730517,-89.4012302
2996,38.6570525,-78.2261389
2997,38.4495688,-78.8689155
2998,26.3017374,-98.1633432
2999,39.60677889999999,-75.83327179999999
3000,38.665397,-78.4594522
3001,38.0293059,-78.47667810000002
3002,36.693687,-94.9630171
3003,35.8681199,-86.7091643
3004,38.0695815,-78.700575
3005,37.7598066,-78.8707458
3006,37.8897544,-78.8733658
3007,37.06416979999999,-94.47909639999999
3008,45.5232461,-122.676282
3009,38.0684692,-78.8894682
3010,40.8686675,-82.3182178
3011,37.665978,-77.5063739
3012,42.6159285,-70.6619888
3013,37.74159969999999,-77.973865
3014,32.482361,-96.9944489
3015,38.01069500000001,-77.9086068
3016,37.5415273,-77.91882389999999
3017,39.0839973,-77.1527578
3018,37.2707022,-76.7074571
3019,37.5407246,-77.4360481
3020,37.5059332,-77.3324425
3021,37.267916,-76.01743359999999
3022,36.7682088,-76.2874927
3023,37.933179,-75.3788086
3024,35.5084935,-78.3394455
3025,36.7282054,-76.5835621
3026,36.8529263,-75.97798499999999
3027,36.8507689,-76.28587259999999
3028,37.0870821,-76.4730122
3029,37.0040553,-76.3073197
3030,37.0891604,-95.7131979
3031,43.0717552,-70.7625532
3032,37.2279279,-77.40192669999999
3033,37.3020965,-78.3919401
3034,37.2709704,-79.9414266
3035,36.659582,-79.711978
3036,37.2295733,-80.4139393
3037,37.1168053,-79.95531360000001
3038,37.09024,-95.712891
3039,36.9234147,-95.7902575
3040,44.0624631,-91.6957056
3041,36.3158994,-91.48263879999999
3042,37.13179239999999,-80.5764477
3043,42.51954,-70.8967155
3044,37.2809707,-79.8969819
3045,36.515694,-82.25696669999999
3046,36.70983349999999,-81.9773482
3047,33.5138073,36.2765279
3048,33.854721,35.862285
3049,44.9537029,-93.0899578
3050,36.6612387,-80.9239671
3051,36.9484528,-81.084811
3052,38.149576,-79.0716958
3053,37.816239,-79.8244947
3054,42.3732216,-72.5198537
3055,37.3570894,-78.8252911
3056,41.3931096,-81.5365094
3057,37.0501416,-78.9441801
3058,37.8215929,-121.9999606
3059,36.1811146,-96.2297579
3060,37.630134,-79.5430938
3061,37.798754,-78.4955648
3062,32.6098566,-85.48078249999999
3063,47.6101497,-122.2015159
3064,43.96937519999999,-71.67012749999999
3065,47.76011099999999,-122.2054452
3066,36.0724841,-95.83190549999999
3067,47.7423218,-121.9856781
3068,47.8106521,-122.3773551
3069,47.2042681,-121.9915003
3070,47.5301011,-122.0326191
3071,47.7583576,-122.2496863
3072,41.1536674,-81.3578859
3073,47.679243,-122.1642694
3074,47.8209301,-122.3151314
3075,47.7881528,-122.3087405
3076,47.6739881,-122.121512
3077,47.4796927,-122.2079218
3078,47.5287132,-121.8253906
3079,47.41,-121.405833
3080,47.4473204,-122.4598502
3081,47.7542651,-122.1634581
3082,47.61626829999999,-122.0355736
3083,33.930293,-118.2114603
3084,47.6062095,-122.3320708
3085,47.7559659,-122.3456972
3086,47.4668384,-122.3405305
3087,47.4739884,-122.2609558
3088,47.6062095,-122.3320708
3089,47.9789848,-122.2020795
3090,48.51260449999999,-122.6126718
3091,38.8816208,-77.09098089999999
3092,48.7519112,-122.4786854
3093,45.1607987,-93.23494889999999
3094,36.135688,-95.91991159999999
3095,38.3686324,-93.7782689
3096,37.0452688,-95.60515009999999
3097,48.2553867,-121.6015142
3098,32.2686981,-107.7586404
3099,48.696654,-122.9061068
3100,42.4605917,-83.1346478
3101,48.5342662,-123.0171242
3102,48.3887142,-122.4962753
3103,48.01509799999999,-122.0637425
3104,38.9464996,-77.1588685
3105,48.4869178,-122.8955118
3106,48.0517637,-122.1770818
3107,37.09024,-95.712891
3108,38.707982,-77.0861753
3109,47.9445396,-122.3045815
3110,48.28829469999999,-122.6484205
3111,48.17398619999999,-122.5282138
3112,47.91287560000001,-122.0981847
3113,48.2410895,-122.3706837
3114,40.7365988,-96.7020579
3115,47.5650067,-122.6269768
3116,47.16315729999999,-122.0267787
3117,36.2267173,-95.2803572
3118,47.32926399999999,-122.5801293
3119,37.09024,-95.712891
3120,46.60650099999999,-121.6706437
3121,48.118146,-123.4307413
3122,47.5403732,-122.6362492
3123,48.11703869999999,-122.7604471
3124,47.735928,-122.6465372
3125,43.060689,-89.423378
3126,47.1853785,-122.2928974
3127,47.8223137,-122.8757198
3128,48.0795365,-123.1018438
3129,47.6445386,-122.6948697
3130,47.2031566,-122.2403966
3131,47.4514588,-122.826946
3132,47.2528768,-122.4442906
3133,33.8536269,-118.1339563
3134,47.0378741,-122.9006951
3135,47.0073187,-122.9093063
3136,47.03426289999999,-122.8231915
3137,57.149717,-2.094278
3138,40.8042541,-76.3405035
3139,46.6652443,-122.9698002
3140,46.97704299999999,-123.8839028
3141,42.3282995,-75.77602159999999
3142,41.3164856,-73.0931641
3143,46.8567662,-122.8529093
3144,39.0587452,-94.5985613
3145,46.9420431,-122.6059582
3146,45.7806939,-122.5475467
3147,45.5874666,-122.4045037
3148,33.8316745,-118.281693
3149,39.3722121,-104.8560902
3150,46.2031656,-123.3831834
3151,45.8206794,-120.8217312
3152,32.5007037,-94.74048909999999
3153,46.3345443,-124.0546003
3154,42.19935479999999,-87.94613389999999
3155,49.2827291,-123.1207375
3156,45.5811365,-122.353892
3157,45.72761939999999,-121.4864619
3158,47.4234599,-120.3103494
3159,37.2108417,-95.7608485
3160,47.8408323,-120.0168079
3161,47.5962326,-120.6614765
3162,42.5291439,-94.5341421
3163,47.1301417,-119.2780771
3164,39.5137752,-121.556359
3165,34.939393,-81.0321286
3166,46.6020711,-120.5058987
3167,47.1953976,-120.9392489
3168,46.6710606,-120.7139833
3169,46.9965144,-120.5478474
3170,46.730958,-120.699516
3171,40.7998227,-73.6509622
3172,46.3237423,-120.0086538
3173,47.644611,-117.5932727
3174,47.6743428,-117.1124241
3175,37.6583364,-97.30584239999999
3176,48.276287,-117.7155207
3177,48.5449971,-117.9009545
3178,48.6107354,-118.0558218
3179,41.4901024,-71.3128285
3180,46.482526,30.7233095
3181,46.7297771,-117.1817377
3182,37.2141258,-95.57720660000001
3183,47.6587802,-117.4260465
3184,47.6732281,-117.2393748
3185,46.0645809,-118.3430208
3186,39.7589478,-84.1916069
3187,46.2086683,-119.119948
3188,46.2067997,-119.7689223
3189,46.28042000000001,-119.2751996
3190,46.2704176,-118.1532861
3191,42.7351196,-83.4192941
3192,40.3439888,-74.6514481
3193,47.940566,-122.4419057
3194,36.0661889,-94.16509339999999
3195,32.7764749,-79.93105120000001
3196,39.62699020000001,-78.2271957
3197,39.28899029999999,-77.8597175
3198,39.4300996,-77.8041609
3199,37.7422385,-97.23710039999999
3200,37.7781702,-81.1881557
3201,35.0526641,-78.87835849999999
3202,37.6581725,-81.0956508
3203,40.0639616,-80.7209149
3204,39.2667418,-81.56151349999999
3205,38.92593970000001,-79.8467349
3206,38.5449065,-121.7405167
3207,37.09024,-95.712891
3208,39.629526,-79.95589679999999
3209,39.6586918,-79.64115939999999
3210,37.7924187,-122.4106758
3211,39.5298059,-80.11674169999999
3212,38.2812203,-80.8525981
3213,39.445649,-79.54643879999999
3214,43.2966716,-87.9875898
3215,44.0288803,-88.16287849999999
3216,43.060842,-88.4037079
3217,43.8333269,-88.0178729
3218,43.3197265,-87.9534226
3219,43.105008,-88.3420398
3220,41.8239203,-87.8517253
3221,43.1116731,-88.4992659
3222,41.9584457,-70.6672621
3223,40.8256561,-73.69818579999999
3224,43.7508284,-87.71453
3225,43.4252776,-88.1834277
3226,42.7852922,-88.40509600000001
3227,42.9405711,-87.9959191
3228,42.5847425,-87.82118539999999
3229,42.5847425,-87.82118539999999
3230,42.5916836,-88.4334301
3231,42.8858503,-87.8631362
3232,43.0116784,-88.2314813
3233,42.83362049999999,-88.7323272
3234,43.0389025,-87.9064736
3235,34.1425078,-118.255075
3236,43.0494572,-88.0075875
3237,43.0166806,-88.0070315
3238,37.09024,-95.712891
3239,42.7261309,-87.78285230000002
3240,36.152766,-95.996416
3241,38.5200504,-89.9839935
3242,43.11443850000001,-89.6556777
3243,34.2998762,-79.8761741
3244,42.6827885,-89.0187222
3245,43.0813888,-88.91177420000001
3246,43.09721740000001,-89.5042876
3247,42.859997,-90.17984729999999
3248,37.09024,-95.712891
3249,43.008608,-89.7384562
3250,42.8144473,-89.6351217
3251,43.3347053,-90.3867928
3252,42.1229099,-71.10920120000002
3253,43.1836046,-89.2137254
3254,45.43838419999999,10.9916215
3255,42.492786,-92.34257749999999
3256,43.1919373,-89.45567489999999
3257,43.0730517,-89.4012302
3258,43.0730517,-89.4012302
3259,42.5834228,-71.8022955
3260,-19.5722805,-65.7550063
3261,39.9611755,-82.99879419999999
3262,43.5324809,-90.0026259
3263,43.6274794,-89.7709579
3264,45.3069062,-92.3621369
3265,38.9582307,-122.6263728
3266,41.240056,-81.44066699999999
3267,44.8613563,-92.6238082
3268,45.4099615,-92.63965089999999
3269,41.9024043,-87.6289049
3270,37.0404423,-95.6406409
3271,44.4488805,-88.0603806
3272,45.0999849,-87.6306623
3273,47.6459165,-84.7951524
3274,45.0649933,-87.12427389999999
3275,33.80507,-84.3941521
3276,49.815273,6.129582999999999
3277,44.0886059,-87.657584
3278,44.8341639,-87.3770419
3279,44.5133188,-88.0132958
3280,44.9591352,-89.6301221
3281,42.3732216,-72.5198537
3282,37.9838096,23.7275388
3283,44.6688524,-90.1717987
3284,36.0925854,-95.9587688
3285,44.7930232,-89.70317840000001
3286,44.4563579,-89.5440069
3287,44.6277509,-89.3087256
3288,44.52357920000001,-89.574563
3289,45.6366228,-89.4120753
3290,45.9171763,-89.2442988
3291,46.1375457,-89.8854042
3292,45.8710837,-89.7092705
3293,34.7395701,-82.0370466
3294,43.8137751,-91.25190169999999
3295,44.2946833,-90.8515311
3296,45.5200114,-122.9365835
3297,43.8844092,-91.23513930000001
3298,43.3952551,-90.7742959
3299,44.811349,-91.4984941
3300,40.5186809,-78.3947359
3301,45.1002389,-91.4887724
3302,44.9369054,-91.39293479999999
3303,42.4534492,-76.4735027
3304,32.7766642,-96.79698789999999
3305,44.8755183,-91.9193422
3306,45.1194091,-93.4024532
3307,51.5049822,-0.1265712
3308,45.8224475,-91.88934309999999
3309,40.8686675,-82.3182178
3310,45.7763419,-92.6827041
3311,37.6688205,-122.0807964
3312,37.0373005,-95.6163665
3313,39.0333113,-95.7017075
3314,37.09024,-95.712891
3315,44.2619309,-88.41538469999999
3316,38.7999214,-120.8902916
3317,42.033279,-91.5968958
3318,44.2022084,-88.44649729999999
3319,44.1858193,-88.462609
3320,43.8422049,-88.8359447
3321,44.3580348,-89.0859464
3322,41.1399814,-104.8202462
3323,41.3113669,-105.5911007
3324,43.0448483,-73.6300729
3325,44.52634219999999,-109.0565308
3326,37.09024,-95.712891
3327,44.0341262,-107.4511871
3328,43.6460672,-108.2120432
3329,42.833014,-108.7306725
3330,37.79743,-122.43506
3331,37.09024,-95.712891
3332,40.9628758,-74.1329207
3333,44.2910915,-105.5022205
3334,44.7971939,-106.9561791
3335,42.88644679999999,-78.8783689
3336,41.58746439999999,-109.2029043
3337,42.8678809,-109.8633501
3338,37.0328728,-95.6316455
3339,30.3549084,-103.6877686
3340,36.005073,-92.4043257
3341,37.0341181,-95.6426791
3342,37.3382082,-121.8863286
3343,42.18758260000001,-71.30645969999999
3344,37.09024,-95.712891
3345,53.3498053,-6.2603097
3346,35.8482993,-116.2264127
3347,29.5480071,-98.2911235
3348,41.4615182,-71.97866259999999
3349,21.161908,-86.8515279
3350,41.2565369,-95.9345034
3351,45.33772829999999,-93.56911219999999
3352,39.1156615,-77.56360149999999
3353,29.7957633,-90.82287099999999
3354,45.3779793,-70.0121667
3355,43.76230650000001,-69.3203238
3356,39.4900013,-76.65850739999999
3357,43.6860226,-85.815651
3358,36.7621049,-95.9346611
3359,47.4683113,-87.8903203
3360,44.401088,-92.0792398
3361,47.0624732,-109.428238
3362,35.949526,-94.4235482
3363,42.6472968,-75.17183059999999
3364,42.6292473,-73.35816480000001
3365,41.6823388,-82.8075032
3366,40.3380949,-74.26872910000002
